Chromosome,SNPpos,Gene,Start,End
2_RagTag,256123287,g13793,256078667,256085958
2_RagTag,286897624,g14394,286798981,286884881
2_RagTag,91355613,,,
2_RagTag,228221901,g13267,228166079,228228251
2_RagTag,272023349,g14082,272012206,272038118
2_RagTag,358710197,g16059,358691690,358715248
2_RagTag,419798996,g17540,419830294,419831673
3_RagTag,256956457,g24218,256935544,256966651
2_RagTag,215585128,g13044,215579221,215581025
3_RagTag,102878888,g21024,102908521,102914944
2_RagTag,122144123,g11253,122132018,122179768
2_RagTag,191397956,g12628,191432533,191518125
2_RagTag,303648206,g14740,303633409,303651230
2_RagTag,305806157,g14792,305848938,305866565
2_RagTag,9736220,g8311,9721093,9726866
2_RagTag,219730527,g13115,219754711,219755123
3_RagTag,226383668,g23601,226379405,226381347
3_RagTag,257665790,g24236,257671070,257717692
1_RagTag,40161797,g1374,40114472,40166348
2_RagTag,89984197,g10438,89989945,89991530
2_RagTag,310617612,g14892,310562699,310635782
3_RagTag,197112191,g23050,197160746,197193048
3_RagTag,282635962,g24829,282633916,282635392
2_RagTag,14426041,g8407,14356075,14389148
2_RagTag,71719712,g9967,71710503,71712107
3_RagTag,259001753,g24277,258965005,259001769
3_RagTag,15410343,g18716,15365260,15424198
3_RagTag,88828454,g20683,88811264,88828451
3_RagTag,125165011,g21544,125112292,125157553
1_RagTag,27769182,g1023,27766355,27770843
2_RagTag,215247499,g13041,215197129,215237783
2_RagTag,239425277,g13490,239422247,239423884
3_RagTag,161676664,g22315,161654846,161661815
2_RagTag,387007401,g16678,387007242,387068740
1_RagTag,168252751,g4278,168249480,168254895
3_RagTag,255090736,,,
3_RagTag,225993605,g23583,225982479,226072625
2_RagTag,255486248,g13776,255485661,255491266
2_RagTag,354153253,g15959,354097172,354123786
2_RagTag,37994617,g9080,38004238,38004730
1_RagTag,216077590,g5350,216084106,216109507
3_RagTag,137859573,g21824,137846568,137847781
3_RagTag,91588028,g20755,91602050,91620294
2_RagTag,305758250,g14791,305718767,305739761
2_RagTag,217080679,g13064,217011005,217066459
3_RagTag,192761679,g22980,192770338,192776610
2_RagTag,72782490,g9986,72760767,72856430
2_RagTag,112105705,g11068,112133230,112140027
2_RagTag,316792327,g15027,316806627,316836088
2_RagTag,136367626,gene_id file_2_14490_g; transcript_id file_2_14490_t;,136362871,136371763
3_RagTag,169469108,,,
3_RagTag,191266095,g22961,191268885,191275909
2_RagTag,378864153,g16500,378821033,378870865
1_RagTag,170971921,g4318,170963702,170975731
3_RagTag,289805236,g25100,289789769,289801371
2_RagTag,123298428,g11270,123279349,123290145
3_RagTag,94265866,g20830,94252240,94263789
2_RagTag,301078028,g14671,300980693,301113206
2_RagTag,245864964,,,
3_RagTag,103390806,g21030,103392564,103406565
3_RagTag,245017645,g23960,245016460,245028014
2_RagTag,153958403,g11838,153936520,153941023
3_RagTag,161833474,g22322,161825580,161853378
3_RagTag,288479031,g25064,288489614,288493624
3_RagTag,72048928,g20257,72046935,72047619
3_RagTag,25147997,g19020,25155103,25155479
3_RagTag,148943189,g22072,148893820,148932189
2_RagTag,233442862,g13375,233396806,233405697
3_RagTag,186129126,g22849,186119874,186138317
2_RagTag,353316362,g15940,353306684,353314263
2_RagTag,178783690,g12367,178785861,178812245
2_RagTag,382485894,g16563,382513151,382513810
2_RagTag,220805665,g13133,220848883,220849226
2_RagTag,358082392,g16043,358089008,358099575
1_RagTag,14622311,g482,14614964,14652837
2_RagTag,131679511,g11426,131553010,131648797
3_RagTag,183529007,g22788,183509261,183510890
1_RagTag,251068805,g6312,251054237,251064562
2_RagTag,121708232,g11245,121704082,121708391
1_RagTag,30359609,g1088,30342180,30353611
2_RagTag,81247924,g10188,81237902,81239408
2_RagTag,199934562,g12804,199914771,199923926
2_RagTag,179076482,g12375,179070921,179074795
2_RagTag,366584383,g16233,366583946,366621355
3_RagTag,195095108,g23017,195064934,195066773
3_RagTag,136405958,g21791,136410327,136412950
2_RagTag,161831760,,,
2_RagTag,205638277,g12914,205592654,205596937
3_RagTag,307624805,g25504,307594413,307671394
2_RagTag,79560911,g10150,79580538,79582110
1_RagTag,10893332,g360,10876514,10903045
2_RagTag,12143421,g8363,12139721,12140876
1_RagTag,223751258,g5606,223727327,223728873
2_RagTag,387809670,g16689,387800515,387809423
2_RagTag,90229040,g10445,90203985,90273184
2_RagTag,252707842,g13741,252698515,252698995
2_RagTag,67499518,g9879,67499507,67556002
2_RagTag,306167705,g14810,306190866,306191591
3_RagTag,171007751,g22520,171025052,171029313
2_RagTag,1850425,g8108,1879493,1923128
3_RagTag,77893977,g20390,77934441,77940812
2_RagTag,354609097,g15966,354579200,354625632
2_RagTag,281178540,g14290,281105210,281142496
3_RagTag,221589440,g23485,221575537,221576286
3_RagTag,197052055,g23049,197036928,197037433
2_RagTag,190650759,g12607,190641108,190641572
1_RagTag,295715790,gene_id file_2_9422_g; transcript_id file_2_9422_t;,295697485,295716089
1_RagTag,114761355,g3332,114764713,114809515
2_RagTag,236575441,g13429,236537432,236549294
3_RagTag,152493458,g22125,152489975,152550400
2_RagTag,376966596,g16460,376972342,377008214
3_RagTag,49968882,g19716,49944230,50002374
3_RagTag,339511083,g26268,339517062,339535634
3_RagTag,30653078,g19205,30609338,30674810
3_RagTag,251480958,g24124,251505325,251506556
3_RagTag,158352783,g22256,158356635,158401947
3_RagTag,31021964,g19210,31014485,31021222
2_RagTag,134522915,g11459,134539441,134544309
2_RagTag,268346729,g14017,268339050,268350149
2_RagTag,150432481,,,
