Sample,Treatment,Replicate,Sex,TimeSinceEclosed,Exp.Round,WingLength,Kdtime,TotalReads,MappedReads,MappedReadsPercent,MeanDepth,ForwardStrand,ForwardStrandPercent,ReverseStrand,ReverseStrandPercent,FailedQCPercent,DuplicatesPercent,PairedEndReads,PairedEndReadsPercent,ProperPairs,ProperPairsPercent,BothPairsMapped,BothPairsMappedPercent,Read1,Read2,Singletons,SingletonsPercent,HighLow
E-010,control,E,F,48h,1,3.145,43.08333333,88972171,87143349,97.94%,9.26411,44915568,50.48%,44056603,49.52%,0%,0%,88972171,100%,60005399,67.44%,86260773,96.95%,144445247,244526924,882576,0.99%,Low
E-011,control,E,F,48h,1,3.155,59.4,91180800,89782522,98.47%,9.56893,45849504,50.28%,45331296,49.72%,0%,0%,91180800,100%,61786259,67.76%,88964650,97.57%,145530685,245650115,817872,0.90%,High
E-012,control,E,F,48h,1,3.089,59.95,123080899,121155283,98.44%,12.9138,61867838,50.27%,61213061,49.73%,0%,0%,123080899,100%,83521951,67.86%,120062893,97.55%,161451591,261629308,1092390,0.89%,High
E-013,control,E,M,48h,1,2.566,54.96666667,106645608,105218864,98.66%,11.1436,53635297,50.29%,53010311,49.71%,0%,0%,106645608,100%,77829009,72.98%,104435822,97.93%,153238988,253406620,783042,0.73%,High
E-015,control,E,F,48h,1,3.123,58.33333333,76974036,76068315,98.82%,8.10408,38679700,50.25%,38294336,49.75%,0%,0%,76974036,100%,56253212,73.08%,75526429,98.12%,138427570,238546466,541886,0.70%,High
E-018,control,E,F,48h,1,3.227,49.91666667,74255290,73386833,98.83%,7.80474,37291764,50.22%,36963526,49.78%,0%,0%,74255290,100%,54245113,73.05%,72843352,98.10%,137052944,237202346,543481,0.73%,High
E-019,control,E,F,48h,1,3.043,51.56666667,74088272,73098710,98.66%,7.79693,37237899,50.26%,36850373,49.74%,0%,0%,74088272,100%,51881776,70.03%,72497266,97.85%,136999736,237088536,601444,0.81%,High
E-020,control,E,F,48h,1,3.321,47.51666667,61114834,60299225,98.67%,6.41802,30728240,50.28%,30386594,49.72%,0%,0%,61114834,100%,44065460,72.10%,59820464,97.88%,130518926,230595908,478761,0.78%,Low
E-022,control,E,M,48h,1,3.122,44.66666667,95228421,94051054,98.76%,10.0183,47849840,50.25%,47378581,49.75%,0%,0%,95228421,100%,69108548,72.57%,93384988,98.06%,147553937,247674484,666066,0.70%,Low
E-023,control,E,F,48h,1,3.128,57,102024988,100732176,98.73%,10.6267,51307037,50.29%,50717951,49.71%,0%,0%,102024988,100%,75702488,74.20%,100037451,98.05%,150937729,251087259,694725,0.68%,High
E-024,control,E,F,48h,1,3.056,46.88333333,111264028,109744884,98.63%,11.6358,55961090,50.30%,55302938,49.70%,0%,0%,111264028,100%,80916260,72.72%,108930325,97.90%,155542458,255721570,814559,0.73%,Low
E-025,control,E,F,48h,1,NA,58.25,111881403,110188269,98.49%,11.6161,56259931,50.29%,55621472,49.71%,0%,0%,111881403,100%,82996826,74.18%,109270034,97.67%,155863992,256017411,918235,0.82%,High
E-026,control,E,F,48h,1,3.129,45.33333333,106231424,104848693,98.70%,11.1519,53406661,50.27%,52824763,49.73%,0%,0%,106231424,100%,78104689,73.52%,104117937,98.01%,153037655,253193769,730756,0.69%,Low
E-027,control,E,F,48h,1,NA,40.91666667,119205429,117566222,98.62%,12.4529,59958310,50.30%,59247119,49.70%,0%,0%,119205429,100%,86506675,72.57%,116726792,97.92%,159520029,259685400,839430,0.70%,Low
E-028,control,E,F,48h,1,3.217,41.1,98331757,97029141,98.68%,10.3564,49435646,50.27%,48896111,49.73%,0%,0%,98331757,100%,70775389,71.98%,96319871,97.95%,149108496,249223261,709270,0.72%,Low
E-04,control,E,M,48h,1,2.63,57.63333333,105284477,103496248,98.30%,11.0342,52944423,50.29%,52340054,49.71%,0%,0%,105284477,100%,71097737,67.53%,102470583,97.33%,152576200,252708277,1025665,0.97%,High
F-002,control,F,M,48h,1,2.647,54.73333333,103226543,101829581,98.65%,10.8119,51890172,50.27%,51336371,49.73%,0%,0%,103226543,100%,75133791,72.79%,101068282,97.91%,151541805,251684738,761299,0.74%,High
F-003,control,F,M,48h,1,NA,66.1,90439343,89292506,98.73%,9.4785,45426954,50.23%,45012389,49.77%,0%,0%,90439343,100%,65275541,72.18%,88598043,97.96%,145125462,245313881,694463,0.77%,High
F-005,control,F,M,48h,1,2.636,66.45,85619893,84474707,98.66%,8.98849,43016110,50.24%,42603783,49.76%,0%,0%,85619893,100%,60868370,71.09%,83786172,97.86%,142761406,242858487,688535,0.80%,High
F-009,control,F,M,48h,1,2.655,55.3,81369966,80267894,98.65%,8.53991,40892545,50.26%,40477421,49.74%,0%,0%,81369966,100%,58656525,72.09%,79619682,97.85%,140628813,240741153,648212,0.80%,High
F-011,control,F,M,48h,1,NA,51.46666667,138721784,136653647,98.51%,14.4266,69773619,50.30%,68948165,49.70%,0%,0%,138721784,100%,99790767,71.94%,135593439,97.74%,169238685,269483099,1060208,0.76%,High
F-012,control,F,M,48h,1,2.707,59.05,100235903,98966063,98.73%,10.4786,50386047,50.27%,49849856,49.73%,0%,0%,100235903,100%,74262219,74.09%,98268491,98.04%,150043110,250192793,697572,0.70%,High
F-013,control,F,M,48h,1,NA,47.36666667,102963402,101527898,98.61%,10.7744,51751406,50.26%,51211996,49.74%,0%,0%,102963402,100%,73793143,71.67%,100726901,97.83%,151409975,251553427,800997,0.78%,Low
F-015,control,F,M,48h,1,2.623,57.5,84087649,83072696,98.79%,8.8564,42258560,50.26%,41829089,49.74%,0%,0%,84087649,100%,61141533,72.71%,82482261,98.09%,141989151,242098498,590435,0.70%,High
F-016,control,F,F,48h,1,3.233,47.88333333,105204907,103947339,98.80%,11.0441,52860083,50.24%,52344824,49.76%,0%,0%,105204907,100%,77178167,73.36%,103247843,98.14%,152508877,252696030,699496,0.66%,Low
F-017,control,F,M,48h,1,2.527,51.73333333,81546746,80466372,98.68%,8.52228,41013836,50.29%,40532910,49.71%,0%,0%,81546746,100%,59953964,73.52%,79849433,97.92%,140713774,240832972,616939,0.76%,High
F-018,control,F,F,48h,1,3.184,54.38333333,86065383,84944818,98.70%,9.05556,43238373,50.24%,42827010,49.76%,0%,0%,86065383,100%,61998947,72.04%,84280083,97.93%,142975752,243089631,664735,0.77%,High
F-019,control,F,F,48h,1,3.038,67.46666667,122704865,120985509,98.60%,12.873,61662863,50.25%,61042002,49.75%,0%,0%,122704865,100%,86997898,70.90%,120047654,97.83%,161274531,261430334,937855,0.76%,High
F-020,control,F,M,48h,1,2.607,47.61666667,89199855,88031149,98.69%,9.32963,44837201,50.27%,44362654,49.73%,0%,0%,89199855,100%,65676070,73.63%,87362645,97.94%,144533607,244666248,668504,0.75%,Low
F-021,control,F,M,48h,1,2.664,54.41666667,90796842,89754294,98.85%,9.50997,45616692,50.24%,45180150,49.76%,0%,0%,90796842,100%,67394944,74.23%,89147459,98.18%,145304905,245491937,606835,0.67%,High
F-022,control,F,F,48h,1,NA,52.8,77410540,76534901,98.87%,8.11335,38864154,50.21%,38546386,49.79%,0%,0%,77410540,100%,57403570,74.15%,75974759,98.15%,138581321,238829219,560142,0.72%,High
F-023,control,F,M,48h,1,2.701,48.21666667,123741287,122067547,98.65%,12.9157,62202597,50.27%,61538690,49.73%,0%,0%,123741287,100%,91854511,74.23%,121183539,97.93%,161786078,261955209,884008,0.71%,Low
F-024,control,F,M,48h,1,NA,63.33333333,87341268,86234640,98.73%,9.12161,43907704,50.27%,43433564,49.73%,0%,0%,87341268,100%,64723046,74.10%,85618281,98.03%,143616283,243724985,616359,0.71%,High
F-025,control,F,F,48h,1,NA,49.03333333,119833051,118183910,98.62%,12.5717,60241784,50.27%,59591267,49.73%,0%,0%,119833051,100%,86392730,72.09%,117286846,97.88%,159832422,260000629,897064,0.75%,High
F-026,control,F,M,48h,1,NA,48.58333333,105675748,104143268,98.55%,11.0578,53128487,50.28%,52547261,49.73%,0%,0%,105675748,100%,75465094,71.41%,103289779,97.74%,152757585,252918163,853489,0.81%,Low
F-027,control,F,M,48h,1,NA,47.61666667,106465057,105102923,98.72%,11.1056,53518991,50.27%,52946066,49.73%,0%,0%,106465057,100%,79133786,74.33%,104370083,98.03%,153174274,253290783,732840,0.69%,Low
F-028,control,F,F,48h,1,3.243,54.96666667,66272989,65396620,98.68%,6.95296,33303288,50.25%,32969701,49.75%,0%,0%,66272989,100%,48657653,73.42%,64871984,97.89%,133107603,233165386,524636,0.79%,High
F-029,control,F,F,48h,1,3.122,41.91666667,105051781,103748216,98.76%,11.0127,52793695,50.25%,52258086,49.75%,0%,0%,105051781,100%,77978743,74.23%,103036999,98.08%,152460008,252591773,711217,0.68%,Low
F-031,control,F,F,48h,1,3.178,43.46666667,92105766,90998852,98.80%,9.65156,46280424,50.25%,45825342,49.75%,0%,0%,92105766,100%,67627449,73.42%,90367727,98.11%,145989881,246115885,631125,0.69%,Low
F-032,control,F,F,48h,1,3.125,57.38333333,120995454,119437915,98.71%,12.6662,60821808,50.27%,60173646,49.73%,0%,0%,120995454,100%,88707524,73.31%,118609152,98.03%,160396020,260599434,828763,0.68%,High
F-035,control,F,F,48h,1,3.198,50.65,76570617,75660958,98.81%,8.00409,38470869,50.24%,38099748,49.76%,0%,0%,76570617,100%,57178743,74.67%,75140413,98.13%,138239793,238330824,520545,0.68%,High
F-036,control,F,F,48h,1,3.223,39.66666667,85334612,84114720,98.57%,8.96248,42910309,50.28%,42424303,49.72%,0%,0%,85334612,100%,60444496,70.83%,83427555,97.77%,142626541,242708071,687165,0.81%,Low
F-037,control,F,M,48h,1,2.685,44.23333333,78419091,76789254,97.92%,7.89199,39728332,50.66%,38690759,49.34%,0%,0%,78419091,100%,55102550,70.27%,76061884,96.99%,139111125,239307966,727370,0.93%,Low
F-038,control,F,F,48h,1,3.218,41.73333333,106989570,105318262,98.44%,11.1176,53821829,50.31%,53167741,49.69%,0%,0%,106989570,100%,74549972,69.68%,104384052,97.56%,153404593,253584977,934210,0.87%,Low
G-003,heat-selected,G,F,48h,1,NA,41.85,124882679,122927270,98.43%,13.0621,62884277,50.35%,61998402,49.65%,0%,0%,124882679,100%,90384141,72.38%,121993670,97.69%,162348591,262534088,933600,0.75%,Low
G-004,heat-selected,G,F,48h,1,2.37,52.33333333,70691083,69681067,98.57%,7.40893,35567205,50.31%,35123878,49.69%,0%,0%,70691083,100%,50535334,71.49%,69123211,97.78%,135311886,235379197,557856,0.79%,High
G-007,heat-selected,G,M,48h,1,2.516,58.81666667,151424539,149363179,98.64%,15.8951,76152879,50.29%,75271660,49.71%,0%,0%,151424539,100%,108197188,71.45%,148365008,97.98%,175598296,275826243,998171,0.66%,High
G-016,heat-selected,G,F,48h,1,2.701,47.3,58541530,57958080,99.00%,5.99477,29428801,50.27%,29112729,49.73%,0%,0%,58541530,100%,47315832,80.82%,57638578,98.46%,129230533,229310997,319502,0.55%,High
G-017,heat-selected,G,F,48h,1,NA,56.25,112571090,111423871,98.98%,11.6586,56572089,50.25%,55999001,49.75%,0%,0%,112571090,100%,88770955,78.86%,110839881,98.46%,156208414,256362676,583990,0.52%,High
G-018,heat-selected,G,M,48h,1,2.372,53.2,88295251,87225512,98.79%,9.14435,44404793,50.29%,43890458,49.71%,0%,0%,88295251,100%,68937297,78.08%,86682598,98.17%,144076550,244218701,542914,0.61%,High
G-019,heat-selected,G,F,48h,1,2.606,53.83333333,126428655,124426518,98.42%,13.2809,63561902,50.27%,62866753,49.73%,0%,0%,126428655,100%,85769059,67.84%,123320716,97.54%,163109490,263319165,1105802,0.87%,High
G-020,heat-selected,G,M,48h,1,2.442,43.3,105416004,103781045,98.45%,11.0751,52982251,50.26%,52433753,49.74%,0%,0%,105416004,100%,71365850,67.70%,102841359,97.56%,152616974,252799030,939686,0.89%,Low
H-005,heat-selected,H,F,48h,1,2.702,52.56666667,113264831,111504315,98.45%,11.9183,56946440,50.28%,56318391,49.72%,0%,0%,113264831,100%,77056563,68.03%,110516572,97.57%,156557489,256707342,987743,0.87%,High
H-006,heat-selected,H,F,48h,1,2.768,60.76666667,95601389,93812072,98.13%,9.98052,48120293,50.33%,47481096,49.67%,0%,0%,95601389,100%,64675259,67.65%,92794952,97.06%,147745217,247856172,1017120,1.06%,High
H-007,heat-selected,H,F,48h,1,2.7,58.45,128167590,125895305,98.23%,13.4262,64465276,50.30%,63702314,49.70%,0%,0%,128167590,100%,87105382,67.96%,124626392,97.24%,163971886,264195704,1268913,0.99%,High
H-008,heat-selected,H,M,48h,1,2.492,42.83333333,105755875,103940509,98.28%,11.0726,53195316,50.30%,52560559,49.70%,0%,0%,105755875,100%,71643460,67.74%,102889154,97.29%,152823738,252932137,1051355,0.99%,Low
H-010,heat-selected,H,F,48h,1,2.8,51.25,99082242,97550412,98.45%,10.3705,49822984,50.28%,49259258,49.72%,0%,0%,99082242,100%,67644280,68.27%,96643135,97.54%,149437225,249645017,907277,0.92%,High
H-020,heat-selected,H,M,48h,1,2.224,42.01666667,87087854,85537001,98.22%,9.11199,43800133,50.29%,43287721,49.71%,0%,0%,87087854,100%,59024888,67.78%,84594429,97.14%,143493686,243594168,942572,1.08%,Low
H-021,heat-selected,H,F,48h,1,NA,54.83333333,99204662,97254761,98.03%,10.3275,49932052,50.33%,49272610,49.67%,0%,0%,99204662,100%,68648392,69.20%,96150530,96.92%,149550439,249654223,1104231,1.11%,High
H-022,heat-selected,H,M,48h,1,2.248,42.63333333,113404177,111794178,98.58%,11.8071,57066386,50.32%,56337791,49.68%,0%,0%,113404177,100%,83855434,73.94%,110983045,97.87%,156629105,256775072,811133,0.72%,Low
H-023,heat-selected,H,F,48h,1,NA,44.56666667,101521940,100165948,98.66%,10.6572,51027412,50.26%,50494528,49.74%,0%,0%,101521940,100%,71360944,70.29%,99382004,97.89%,150687264,250834676,783944,0.77%,Low
H-025,heat-selected,H,F,48h,1,2.365,44.75,101240619,99985756,98.76%,10.6231,50858604,50.24%,50382015,49.76%,0%,0%,101240619,100%,72849070,71.96%,99254455,98.04%,150536916,250703703,731301,0.72%,Low
I-001,control,I,M,48h,2,2.539,43.96666667,124771585,122745877,98.38%,13.0251,62733133,50.28%,62038452,49.72%,0%,0%,124771585,100%,85830938,68.79%,121631347,97.48%,162297257,262474328,1114530,0.89%,Low
J-001,control,J,M,48h,2,NA,58.33333333,87829264,86420986,98.40%,9.16809,44177485,50.30%,43651779,49.70%,0%,0%,87829264,100%,61828392,70.40%,85615244,97.48%,143862686,243966578,805742,0.92%,High
J-003,control,J,F,48h,2,3.065,44.03333333,107479880,105796487,98.43%,11.2457,54043534,50.28%,53436346,49.72%,0%,0%,107479880,100%,75867599,70.59%,104834711,97.54%,153663650,253816230,961776,0.89%,Low
J-004,control,J,F,48h,2,NA,34.11666667,90974115,89600739,98.49%,9.51101,45733326,50.27%,45240789,49.73%,0%,0%,90974115,100%,63377883,69.67%,88778442,97.59%,145439077,245535038,822297,0.90%,Low
M-001,control,M,M,48h,3,2.556,61.15,95881713,94500707,98.56%,10.0142,48198971,50.27%,47682742,49.73%,0%,0%,95881713,100%,67625820,70.53%,93688690,97.71%,147875763,248005950,812017,0.85%,High
M-002,control,M,M,48h,3,NA,41.33333333,98902279,97289701,98.37%,10.3346,49750993,50.30%,49151286,49.70%,0%,0%,98902279,100%,68604215,69.37%,96368055,97.44%,149389859,249512420,921646,0.93%,Low
M-003,control,M,M,48h,3,NA,46.66666667,90568406,89136868,98.42%,9.44237,45555482,50.30%,45012924,49.70%,0%,0%,90568406,100%,64623562,71.35%,88292687,97.49%,145219691,245348715,844181,0.93%,Low
M-004,control,M,F,48h,3,2.965,67.61666667,106479562,105015422,98.63%,11.1616,53516246,50.26%,52963316,49.74%,0%,0%,106479562,100%,74204702,69.69%,104151266,97.81%,153150008,253329554,864156,0.81%,High
M-005,control,M,M,48h,3,2.662,59.5,104546938,103070908,98.59%,10.9337,52531898,50.25%,52015040,49.75%,0%,0%,104546938,100%,72043705,68.91%,102176444,97.73%,152160349,252386589,894464,0.86%,High
M-006,control,M,M,48h,3,2.664,59.83333333,96308825,94913840,98.55%,10.0178,48410515,50.27%,47898310,49.73%,0%,0%,96308825,100%,68268331,70.88%,94091551,97.70%,148068471,248240354,822289,0.85%,High
M-007,control,M,F,72h,3,3.046,50.81666667,84926924,83418284,98.22%,8.83887,42706289,50.29%,42220635,49.71%,0%,0%,84926924,100%,58358529,68.72%,82492858,97.13%,142416296,242510628,925426,1.09%,High
M-008,control,M,M,72h,3,2.496,58.5,82360248,80803138,98.11%,8.51214,41444732,50.32%,40915516,49.68%,0%,0%,82360248,100%,56846940,69.02%,79842794,96.94%,141134416,241225832,960344,1.17%,High
M-009,control,M,M,72h,3,2.563,51.41666667,94919883,93421192,98.42%,9.93796,47720683,50.27%,47199200,49.73%,0%,0%,94919883,100%,67250972,70.85%,92542772,97.50%,147399680,247520203,878420,0.93%,High
M-010,control,M,M,72h,3,2.516,41.61666667,90511413,89069277,98.41%,9.50712,45497326,50.27%,45014087,49.73%,0%,0%,90511413,100%,62715345,69.29%,88208989,97.46%,145213246,245298167,860288,0.95%,Low
M-011,control,M,M,72h,3,2.565,44.95,124909674,123047707,98.51%,13.0992,62786230,50.27%,62123444,49.73%,0%,0%,124909674,100%,88300006,70.69%,122008613,97.68%,162383967,262525707,1039094,0.83%,Low
M-017,control,M,F,72h,3,3.082,48.73333333,59744582,58842980,98.49%,6.27594,30030328,50.26%,29714254,49.74%,0%,0%,59744582,100%,42534094,71.19%,58277761,97.54%,129851374,229893208,565219,0.95%,High
M-018,control,M,M,72h,3,2.402,51.71666667,71144193,70037049,98.44%,7.45774,35765681,50.27%,35378512,49.73%,0%,0%,71144193,100%,49895106,70.13%,69363570,97.50%,135531925,235612268,673479,0.95%,High
M-019,control,M,F,72h,3,3.056,48.35,77910407,76932171,98.74%,8.20456,39120778,50.21%,38789629,49.79%,0%,0%,77910407,100%,55079191,70.70%,76301831,97.94%,138874680,239035727,630340,0.81%,Low
M-020,control,M,M,72h,3,2.61,39.28333333,86956394,85616018,98.46%,9.06719,43714137,50.27%,43242257,49.73%,0%,0%,86956394,100%,60454749,69.52%,84806539,97.53%,143426980,243529414,809479,0.93%,Low
M-022,control,M,M,72h,3,2.589,56.88333333,156321929,153849283,98.42%,16.3147,78610066,50.29%,77711863,49.71%,0%,0%,156321929,100%,109992329,70.36%,152525670,97.57%,178031837,278290092,1323613,0.85%,High
M-023,control,M,F,72h,3,3.266,50.5,90047176,88365700,98.13%,9.36683,45415174,50.43%,44632002,49.57%,0%,0%,90047176,100%,64685282,71.83%,87525094,97.20%,144961690,245085486,840606,0.93%,High
M-024,control,M,M,72h,3,2.604,40.2,74674809,73621695,98.59%,7.82632,37535552,50.27%,37139257,49.73%,0%,0%,74674809,100%,53925518,72.21%,72985290,97.74%,137305562,237369247,636405,0.85%,Low
M-025,control,M,F,72h,3,3.044,46.93333333,82051619,80699720,98.35%,8.61821,41267557,50.29%,40784062,49.71%,0%,0%,82051619,100%,57385038,69.94%,79891261,97.37%,140981553,241070066,808459,0.99%,Low
M-026,control,M,M,72h,3,NA,55.93333333,81781725,80742787,98.73%,8.54805,41058033,50.20%,40723692,49.80%,0%,0%,81781725,100%,58710666,71.79%,80045159,97.88%,140738748,241042977,697628,0.85%,High
M-027,control,M,F,72h,3,3.13,50.5,97196200,95857639,98.62%,10.2237,48850698,50.26%,48345502,49.74%,0%,0%,97196200,100%,69004575,71.00%,95078504,97.82%,148524149,248672051,779135,0.80%,High
M-028,control,M,M,72h,3,3.086,41.76666667,111288661,109716247,98.59%,11.6672,55956541,50.28%,55332120,49.72%,0%,0%,111288661,100%,79776396,71.68%,108835211,97.80%,155569935,255718726,881036,0.79%,Low
M-029,control,M,F,72h,3,3.166,55.45,102621502,100939046,98.36%,10.7054,51614886,50.30%,51006616,49.70%,0%,0%,102621502,100%,73448148,71.57%,99978955,97.43%,151220665,251400837,960091,0.94%,High
M-030,control,M,M,72h,3,2.81,33.38333333,90741223,89439956,98.57%,9.46943,45630489,50.29%,45110734,49.71%,0%,0%,90741223,100%,65930992,72.66%,88698674,97.75%,145303803,245437420,741282,0.82%,Low
M-032,control,M,M,72h,3,NA,41.41666667,72951088,71935452,98.61%,7.65556,36675421,50.27%,36275667,49.73%,0%,0%,72951088,100%,52700038,72.24%,71323532,97.77%,136433090,236517998,611920,0.84%,Low
M-033,control,M,F,72h,3,3.193,42.13333333,77134442,75999644,98.53%,8.07788,38787920,50.29%,38346522,49.71%,0%,0%,77134442,100%,55856903,72.42%,75329746,97.66%,138519929,238614513,669898,0.87%,Low
M-034,control,M,F,72h,3,3.215,56.8,95701717,94323092,98.56%,10.0536,48084830,50.24%,47616887,49.76%,0%,0%,95701717,100%,67914033,70.96%,93498275,97.70%,147782022,247919695,824817,0.86%,High
M-035,control,M,F,72h,3,3.197,51.58333333,72142544,70931801,98.32%,7.54978,36301615,50.32%,35840929,49.68%,0%,0%,72142544,100%,50742723,70.34%,70202946,97.31%,136029047,236113497,728855,1.01%,High
M-036,control,M,F,72h,3,NA,50.26666667,71596388,70584029,98.59%,7.47806,35999556,50.28%,35596832,49.72%,0%,0%,71596388,100%,50978353,71.20%,69968450,97.73%,135744075,235852313,615579,0.86%,High
M-037,control,M,F,72h,3,3.08,43.23333333,60118290,59257142,98.57%,6.28662,30238249,50.30%,29880041,49.70%,0%,0%,60118290,100%,43896234,73.02%,58743162,97.71%,130023916,230094374,513980,0.85%,Low
M-038,control,M,F,72h,3,2.86,33.53333333,66764093,65780182,98.53%,6.97976,33614631,50.35%,33149462,49.65%,0%,0%,66764093,100%,49306389,73.85%,65253657,97.74%,133332836,233431257,526525,0.79%,Low
M-039,control,M,F,72h,3,3.106,44.41666667,102423830,100538946,98.16%,10.6577,51682952,50.46%,50740878,49.54%,0%,0%,102423830,100%,73159684,71.43%,99675676,97.32%,151136402,251287428,863270,0.84%,Low
M-040,control,M,M,72h,3,2.542,48.76666667,96750799,95134640,98.33%,9.96813,48697985,50.33%,48052814,49.67%,0%,0%,96750799,100%,71442170,73.84%,94198889,97.36%,148264683,248486116,935751,0.97%,Low
M-041,control,M,F,72h,3,3.207,55.71666667,135236014,133109842,98.43%,14.0563,68047903,50.32%,67188111,49.68%,0%,0%,135236014,100%,100521430,74.33%,132018331,97.62%,167511930,267724084,1091511,0.81%,High
N-001,control,N,M,48h,3,2.468,43.8,101746192,100123313,98.41%,10.5498,51181499,50.30%,50564693,49.70%,0%,0%,101746192,100%,75549324,74.25%,99181250,97.48%,150779685,250966507,942063,0.93%,Low
N-002,control,N,M,48h,3,NA,45.61666667,92154762,90902340,98.64%,9.62944,46331537,50.28%,45823225,49.72%,0%,0%,92154762,100%,67378160,73.11%,90174060,97.85%,146007909,246146853,728280,0.79%,Low
N-003,control,N,M,48h,3,2.674,50.83333333,111229942,109629907,98.56%,11.5871,55932024,50.29%,55297918,49.72%,0%,0%,111229942,100%,82127362,73.84%,108751761,97.77%,155529268,255700674,878146,0.79%,High
N-004,control,N,F,48h,3,NA,45.05,145629476,143510983,98.55%,15.2113,73278405,50.32%,72351071,49.68%,0%,0%,145629476,100%,107211551,73.62%,142456332,97.82%,172686281,272943195,1054651,0.72%,Low
N-005,control,N,M,48h,3,NA,61.53333333,147250436,145311120,98.68%,15.3549,74018999,50.27%,73231437,49.73%,0%,0%,147250436,100%,110168589,74.82%,144288129,97.99%,173524281,273726155,1022991,0.69%,High
N-006,control,N,F,48h,3,NA,50.36666667,90022696,88453328,98.26%,9.35655,45384942,50.42%,44637754,49.59%,0%,0%,90022696,100%,65642738,72.92%,87671626,97.39%,144961199,245061497,781702,0.87%,High
N-007,control,N,M,48h,3,NA,45.85,76935794,75708442,98.40%,8.01238,38691288,50.29%,38244506,49.71%,0%,0%,76935794,100%,55328963,71.92%,74971572,97.45%,138409762,238526032,736870,0.96%,Low
N-008,control,N,M,72h,3,2.604,48.13333333,97212880,95828205,98.58%,10.1388,48878691,50.28%,48334189,49.72%,0%,0%,97212880,100%,71490540,73.54%,95033698,97.76%,148544933,248667947,794507,0.82%,Low
N-009,control,N,M,72h,3,2.441,41.36666667,114113508,112498546,98.58%,11.8957,57382055,50.29%,56731453,49.71%,0%,0%,114113508,100%,83899455,73.52%,111608815,97.81%,156973312,257140196,889731,0.78%,Low
N-010,control,N,M,72h,3,2.619,52.48333333,83756800,82398472,98.38%,8.65501,42113485,50.28%,41643315,49.72%,0%,0%,83756800,100%,62484689,74.60%,81567188,97.39%,141780304,241976496,831284,0.99%,High
N-011,control,N,M,72h,3,2.567,50.2,95867382,94064259,98.12%,9.92266,48457049,50.55%,47410333,49.45%,0%,0%,95867382,100%,70180251,73.21%,93329346,97.35%,147871851,247995531,734913,0.77%,Low
N-012,control,N,M,72h,3,2.411,51.36666667,111884451,109617252,97.97%,11.5709,56308793,50.33%,55575658,49.67%,0%,0%,111884451,100%,78405417,70.08%,108324714,96.82%,155857390,256027061,1292538,1.16%,High
N-013,control,N,M,72h,3,2.361,47.46666667,89151847,87623262,98.29%,9.21289,44848784,50.31%,44303063,49.69%,0%,0%,89151847,100%,65045721,72.96%,86699721,97.25%,144515537,244636310,923541,1.04%,Low
N-018,control,N,M,72h,3,2.52,39.93333333,83972464,82327033,98.04%,8.67482,42266194,50.33%,41706270,49.67%,0%,0%,83972464,100%,59486648,70.84%,81351944,96.88%,141926737,242045727,975089,1.16%,Low
N-019,control,N,F,72h,3,3.136,52.66666667,93335110,91613467,98.16%,9.70429,46937082,50.29%,46398028,49.71%,0%,0%,93335110,100%,65336513,70.00%,90573339,97.04%,146617341,246717769,1040128,1.11%,High
N-020,control,N,M,72h,3,2.653,49.85,90184215,88316783,97.93%,9.29376,45408069,50.35%,44776146,49.65%,0%,0%,90184215,100%,63232026,70.11%,87217470,96.71%,145029744,245154471,1099313,1.22%,Low
N-021,control,N,F,72h,3,3.265,46.1,74920348,73409690,97.98%,7.76586,37696347,50.32%,37224001,49.68%,0%,0%,74920348,100%,52422853,69.97%,72474684,96.74%,137409974,237510374,935006,1.25%,Low
N-022,control,N,M,72h,3,2.508,43.98333333,91630730,89384605,97.55%,9.36067,46145322,50.36%,45485408,49.64%,0%,0%,91630730,100%,63255900,69.03%,88035856,96.08%,145743834,245886896,1348749,1.47%,Low
N-023,control,N,F,72h,3,NA,32.7,81569877,79919164,97.98%,8.44421,41043614,50.32%,40526263,49.68%,0%,0%,81569877,100%,57016524,69.90%,78896294,96.72%,140738229,240831648,1022870,1.25%,Low
N-024,control,N,M,72h,3,NA,52.83333333,68791313,67499756,98.12%,7.13984,34613140,50.32%,34178173,49.68%,0%,0%,68791313,100%,48285086,70.19%,66696360,96.95%,134348196,234443117,803396,1.17%,High
N-025,control,N,F,72h,3,NA,39,74686600,73224238,98.04%,7.74043,37574686,50.31%,37111914,49.69%,0%,0%,74686600,100%,52321629,70.05%,72312206,96.82%,137294808,237391792,912032,1.22%,Low
N-026,control,N,M,72h,3,2.415,37.53333333,120401744,117910563,97.93%,12.4479,60587257,50.32%,59814487,49.68%,0%,0%,120401744,100%,83562427,69.40%,116485477,96.75%,160088175,260313569,1425086,1.18%,Low
N-027,control,N,F,72h,3,3.264,54.26666667,102529265,100255933,97.78%,10.579,51625080,50.35%,50904185,49.65%,0%,0%,102529265,100%,71897380,70.12%,98949987,96.51%,151181534,251347731,1305946,1.27%,High
N-028,control,N,M,72h,3,2.551,55.01666667,113604225,111381280,98.04%,11.747,57151034,50.31%,56453191,49.69%,0%,0%,113604225,100%,79312976,69.82%,110099072,96.91%,156712536,256891689,1282208,1.13%,High
N-029,control,N,F,72h,3,NA,53.76666667,87042055,85364504,98.07%,9.04336,43787485,50.31%,43254570,49.69%,0%,0%,87042055,100%,60877542,69.94%,84372427,96.93%,143477680,243564375,992077,1.14%,High
N-030,control,N,M,72h,3,2.534,59.48333333,98718443,96853422,98.11%,10.211,49671269,50.32%,49047174,49.68%,0%,0%,98718443,100%,69836730,70.74%,95759645,97.00%,149299738,249418705,1093777,1.11%,High
N-032,control,N,M,72h,3,2.499,52.03333333,73527401,72236510,98.24%,7.64829,36973319,50.29%,36554082,49.71%,0%,0%,73527401,100%,51208461,69.65%,71415526,97.13%,136724519,236802882,820984,1.12%,High
N-033,control,N,F,72h,3,3.242,44.33333333,86051142,84305004,97.97%,8.92927,43285520,50.30%,42765622,49.70%,0%,0%,86051142,100%,60115690,69.86%,83240056,96.73%,142982582,243068560,1064948,1.24%,Low
N-034,control,N,M,72h,3,2.597,44.63333333,90672674,88719470,97.85%,9.33754,45635650,50.33%,45037024,49.67%,0%,0%,90672674,100%,61760686,68.11%,87554558,96.56%,145289266,245383408,1164912,1.28%,Low
N-035,control,N,F,72h,3,3.188,36.88333333,93743134,92057137,98.20%,9.70929,47162921,50.31%,46580213,49.69%,0%,0%,93743134,100%,67149265,71.63%,91072941,97.15%,146802136,246940998,984196,1.05%,Low
N-036,control,N,M,72h,3,2.428,63.55,90115053,88461485,98.17%,9.33008,45334618,50.31%,44780435,49.69%,0%,0%,90115053,100%,64827186,71.94%,87491013,97.09%,145007710,245107343,970472,1.08%,High
N-037,control,N,F,72h,3,3.237,39.53333333,101246270,99408184,98.18%,10.4853,50926127,50.30%,50320143,49.70%,0%,0%,101246270,100%,73127250,72.23%,98357168,97.15%,150566751,250679519,1051016,1.04%,Low
N-038,control,N,M,72h,3,2.714,47.93333333,84131705,82554999,98.13%,8.70625,42329440,50.31%,41802265,49.69%,0%,0%,84131705,100%,60609441,72.04%,81609936,97.00%,142019949,242111756,945063,1.12%,Low
N-039,control,N,F,72h,3,3.362,39.3,104797916,102817210,98.11%,10.9079,52769538,50.35%,52028378,49.65%,0%,0%,104797916,100%,74571149,71.16%,101739552,97.08%,152340194,252457722,1077658,1.03%,Low
N-040,control,N,F,72h,3,NA,42.8,118441947,116337340,98.22%,12.2792,59608682,50.33%,58833265,49.67%,0%,0%,118441947,100%,86452715,72.99%,115196763,97.26%,159134324,259307623,1140577,0.96%,Low
N-041,control,N,F,72h,3,3.033,47.5,88055052,86149007,97.84%,9.06235,44330035,50.34%,43725017,49.66%,0%,0%,88055052,100%,61071438,69.36%,85017902,96.55%,143969871,244085181,1131105,1.28%,Low
N-042,control,N,M,72h,3,2.299,57.3,112354015,110418581,98.28%,11.6017,56559038,50.34%,55794977,49.66%,0%,0%,112354015,100%,82760321,73.66%,109353225,97.33%,156086489,256267526,1065356,0.95%,High
N-043,control,N,F,72h,3,2.576,45.3,77002866,75492828,98.04%,7.98056,38752218,50.33%,38250648,49.67%,0%,0%,77002866,100%,54748568,71.10%,74565093,96.83%,138456630,238546236,927735,1.20%,Low
N-044,control,N,F,72h,3,2.914,45.88333333,98944175,97096609,98.13%,10.2505,49786329,50.32%,49157846,49.68%,0%,0%,98944175,100%,69588393,70.33%,96026130,97.05%,149402972,249541203,1070479,1.08%,Low
N-045,control,N,F,72h,3,3.354,44.53333333,133004594,130395077,98.04%,13.7882,66918758,50.31%,66085836,49.69%,0%,0%,133004594,100%,92562920,69.59%,128931070,96.94%,166386773,266617821,1464007,1.10%,Low
O-001,heat-selected,O,M,48h,3,NA,54.43333333,64885478,63735244,98.23%,6.732,32637474,50.30%,32248004,49.70%,0%,0%,64885478,100%,45606451,70.29%,62998539,97.09%,132403448,232482030,736705,1.14%,High
O-002,heat-selected,O,M,48h,3,2.329,59.41666667,108690870,106657103,98.13%,11.2501,54684026,50.31%,54006844,49.69%,0%,0%,108690870,100%,75366240,69.34%,105469906,97.04%,154256355,254434515,1187197,1.09%,High
O-003,heat-selected,O,M,48h,3,NA,59.1,87489748,85595771,97.84%,9.05607,44079301,50.38%,43410447,49.62%,0%,0%,87489748,100%,60083378,68.67%,84499268,96.58%,143691213,243798535,1096503,1.25%,High
O-004,heat-selected,O,M,48h,3,2.458,54.6,90813271,89124601,98.14%,9.39801,45679180,50.30%,45134091,49.70%,0%,0%,90813271,100%,63642556,70.08%,88108309,97.02%,145342689,245470582,1016292,1.12%,High
O-005,heat-selected,O,M,48h,3,2.281,49.53333333,95898538,93885778,97.90%,9.87969,48289297,50.35%,47609241,49.65%,0%,0%,95898538,100%,66882360,69.74%,92698054,96.66%,147879183,248019355,1187724,1.24%,High
O-006,heat-selected,O,M,72h,3,NA,61.76666667,100423660,98439871,98.02%,10.3433,50557803,50.34%,49865857,49.66%,0%,0%,100423660,100%,72320342,72.02%,97281531,96.87%,150128308,250295352,1158340,1.15%,High
O-007,heat-selected,O,M,72h,3,2.327,46.21666667,106289300,104246758,98.08%,10.9768,53493708,50.33%,52795592,49.67%,0%,0%,106289300,100%,76277674,71.76%,103079571,96.98%,153057850,253231450,1167187,1.10%,Low
O-008,heat-selected,O,M,72h,3,2.312,57.03333333,121659828,119014295,97.83%,12.5093,61341922,50.42%,60317906,49.58%,0%,0%,121659828,100%,85523494,70.30%,117622898,96.68%,160716560,260943268,1391397,1.14%,High
O-009,heat-selected,O,M,72h,3,NA,40.41666667,102138421,100134845,98.04%,10.5794,51415934,50.34%,50722487,49.66%,0%,0%,102138421,100%,72627717,71.11%,98978028,96.91%,150987208,251151213,1156817,1.13%,Low
O-010,heat-selected,O,M,72h,3,NA,40.98333333,98215117,96354746,98.11%,10.1082,49419118,50.32%,48795999,49.68%,0%,0%,98215117,100%,69834880,71.10%,95240087,96.97%,149013930,249201187,1114659,1.13%,Low
O-011,heat-selected,O,M,72h,3,NA,58.58333333,72220572,70888882,98.16%,7.46689,36331188,50.31%,35889384,49.69%,0%,0%,72220572,100%,50498048,69.92%,70052419,97.00%,136044342,236176230,836463,1.16%,High
O-012,heat-selected,O,M,72h,3,2.355,43.41666667,100107368,98364066,98.26%,10.2883,50377112,50.32%,49730256,49.68%,0%,0%,100107368,100%,73363599,73.28%,97352371,97.25%,149977093,250130275,1011695,1.01%,Low
O-013,heat-selected,O,F,72h,3,2.838,41.45,87816035,86080202,98.02%,9.05862,44218683,50.35%,43597352,49.65%,0%,0%,87816035,100%,63863065,72.72%,85071278,96.87%,143838931,243977104,1008924,1.15%,Low
O-015,heat-selected,O,F,72h,3,NA,50.5,93749441,92317208,98.47%,9.64393,47159607,50.30%,46589834,49.70%,0%,0%,93749441,100%,71734081,76.52%,91510324,97.61%,146803560,246945881,806884,0.86%,High
O-016,heat-selected,O,M,72h,3,NA,47.23333333,90816467,89300231,98.33%,9.4072,45681083,50.30%,45135384,49.70%,0%,0%,90816467,100%,66744280,73.49%,88402465,97.34%,145348733,245467734,897766,0.99%,Low
O-017,heat-selected,O,F,72h,3,2.873,43.5,83627170,82087735,98.16%,8.65216,42075391,50.31%,41551779,49.69%,0%,0%,83627170,100%,61427051,73.45%,81164681,97.06%,141744385,241882785,923054,1.10%,Low
O-018,heat-selected,O,M,72h,3,2.354,41.5,79626884,77666482,97.54%,8.17271,40433419,50.78%,39193465,49.22%,0%,0%,79626884,100%,58001490,72.84%,76968761,96.66%,139761383,239865501,697721,0.88%,Low
O-019,heat-selected,O,M,72h,3,NA,42.01666667,115157546,113054849,98.17%,11.9223,57945385,50.32%,57212161,49.68%,0%,0%,115157546,100%,82991728,72.07%,111874389,97.15%,157502414,257655132,1180460,1.03%,Low
O-020,heat-selected,O,F,72h,3,2.638,42.9,98482767,97007807,98.50%,10.2316,49502085,50.26%,48980682,49.74%,0%,0%,98482767,100%,71863195,72.97%,96131112,97.61%,149158874,249323893,876695,0.89%,Low
O-022,heat-selected,O,F,72h,3,2.88,51.25,82643180,81135299,98.18%,8.56727,41601594,50.34%,41041586,49.66%,0%,0%,82643180,100%,60300255,72.96%,80252762,97.11%,141266652,241376528,882537,1.07%,High
O-023,heat-selected,O,M,72h,3,2.299,50.86666667,103798890,102173999,98.43%,10.8237,52176582,50.27%,51622308,49.73%,0%,0%,103798890,100%,74729046,71.99%,101208597,97.50%,151830938,251967952,965402,0.93%,High
O-024,heat-selected,O,F,72h,3,2.779,42.78333333,92680918,90847802,98.02%,9.63093,46649460,50.33%,46031458,49.67%,0%,0%,92680918,100%,64506529,69.60%,89794546,96.89%,146275975,246404943,1053256,1.14%,Low
O-025,heat-selected,O,M,72h,3,2.196,59.38333333,94620439,93110782,98.40%,9.87481,47558187,50.26%,47062252,49.74%,0%,0%,94620439,100%,66526909,70.31%,92193353,97.43%,147247928,247372511,917429,0.97%,High
O-026,heat-selected,O,F,72h,3,2.446,49.63333333,115620795,113572373,98.23%,12.0249,58149383,50.29%,57471412,49.71%,0%,0%,115620795,100%,81248625,70.27%,112396922,97.21%,157736582,257884213,1175451,1.02%,High
O-027,heat-selected,O,M,72h,3,2.325,40.61666667,133123223,130715303,98.19%,13.8438,66975184,50.31%,66148039,49.69%,0%,0%,133123223,100%,92164488,69.23%,129397489,97.20%,166451677,266671546,1317814,0.99%,Low
O-028,heat-selected,O,F,72h,3,2.56,44,80327388,78744819,98.03%,8.36234,40411993,50.31%,39915395,49.69%,0%,0%,80327388,100%,55467831,69.05%,77781978,96.83%,140116059,240211329,962841,1.20%,Low
O-030,heat-selected,O,F,72h,3,2.622,53.01666667,93801698,91869742,97.94%,9.72212,47209409,50.33%,46592289,49.67%,0%,0%,93801698,100%,64150741,68.39%,90718344,96.71%,146830377,246971321,1151398,1.23%,High
O-031,heat-selected,O,M,72h,3,NA,38,84362504,82812869,98.16%,8.76253,42436253,50.30%,41926251,49.70%,0%,0%,84362504,100%,58077585,68.84%,81877882,97.05%,142112259,242250245,934987,1.11%,Low
O-032,heat-selected,O,F,72h,3,NA,47.76666667,103207027,101651887,98.49%,10.7666,51911106,50.30%,51295921,49.70%,0%,0%,103207027,100%,76320207,73.95%,100781796,97.65%,151546840,251660187,870091,0.84%,High
O-033,heat-selected,O,M,72h,3,2.252,38.4,80051186,78565717,98.14%,8.28452,40289573,50.33%,39761613,49.67%,0%,0%,80051186,100%,57912788,72.34%,77674297,97.03%,139973163,240078023,891420,1.11%,Low
O-034,heat-selected,O,F,72h,3,2.721,53.46666667,116313575,114476541,98.42%,12.126,58487337,50.28%,57826238,49.72%,0%,0%,116313575,100%,84236198,72.42%,113441959,97.53%,158110328,258203247,1034582,0.89%,High
O-035,heat-selected,O,M,72h,3,2.336,47.13333333,116949525,115362663,98.64%,12.1609,58804462,50.28%,58145063,49.72%,0%,0%,116949525,100%,86848627,74.26%,114487272,97.89%,158398672,258550853,875391,0.75%,Low
O-036,heat-selected,O,F,72h,3,2.487,48.65,104366833,102665135,98.37%,10.7932,52540628,50.34%,51826205,49.66%,0%,0%,104366833,100%,77151416,73.92%,101746172,97.49%,152125752,252241081,918963,0.88%,High
O-037,heat-selected,O,M,72h,3,NA,49.75,84254135,82824064,98.30%,8.73764,42387978,50.31%,41866157,49.69%,0%,0%,84254135,100%,61229429,72.67%,81982783,97.30%,142084891,242169244,841281,1.00%,High
O-038,heat-selected,O,F,72h,3,2.694,38.43333333,68948164,67834600,98.38%,7.20959,34683394,50.30%,34264770,49.70%,0%,0%,68948164,100%,49558590,71.88%,67164765,97.41%,134441602,234506562,669835,0.97%,Low
O-039,heat-selected,O,F,72h,3,2.591,36.95,82959014,81890052,98.71%,8.64961,41692942,50.26%,41266072,49.74%,0%,0%,82959014,100%,60313351,72.70%,81213571,97.90%,141393827,241565187,676481,0.82%,Low
O-040,heat-selected,O,F,72h,3,NA,49.8,58640191,57585754,98.20%,6.12637,29488140,50.29%,29152051,49.71%,0%,0%,58640191,100%,40027813,68.26%,56897134,97.03%,129314609,229325582,688620,1.17%,High
O-041,heat-selected,O,F,72h,3,2.309,63.5,99058381,97463444,98.39%,10.3372,49813156,50.29%,49245225,49.71%,0%,0%,99058381,100%,71600755,72.28%,96528386,97.45%,149491091,249567290,935058,0.94%,High
P-001,heat-selected,P,M,48h,3,2.379,43.93333333,80627305,79366929,98.44%,8.40097,40550171,50.29%,40077134,49.71%,0%,0%,80627305,100%,59367701,73.63%,78621192,97.51%,140290950,240336355,745737,0.92%,Low
P-002,heat-selected,P,M,48h,3,2.431,49.48333333,80048623,78802792,98.44%,8.22204,40282723,50.32%,39765900,49.68%,0%,0%,80048623,100%,61577792,76.93%,78078060,97.54%,139968287,240080336,724732,0.91%,High
P-003,heat-selected,P,M,72h,3,NA,44.96666667,84377421,82831014,98.17%,8.73604,42488752,50.36%,41888669,49.64%,0%,0%,84377421,100%,60822958,72.08%,81949695,97.12%,142151417,242226004,881319,1.04%,Low
P-004,heat-selected,P,M,48h,3,NA,63.58333333,88228667,86819555,98.40%,9.19584,44389427,50.31%,43839240,49.69%,0%,0%,88228667,100%,63953530,72.49%,86008204,97.48%,144079437,244149230,811351,0.92%,High
P-005,heat-selected,P,M,72h,3,2.371,52.83333333,76453813,75272271,98.45%,7.98142,38440276,50.28%,38013537,49.72%,0%,0%,76453813,100%,54761360,71.63%,74533721,97.49%,138202126,238251687,738550,0.97%,High
P-006,heat-selected,P,M,72h,3,2.553,47.5,83886813,82444111,98.28%,8.71918,42216234,50.33%,41670579,49.67%,0%,0%,83886813,100%,59858747,71.36%,81596941,97.27%,141907007,241979806,847170,1.01%,High
P-007,heat-selected,P,M,72h,3,2.413,51.98333333,123843743,121953526,98.47%,12.8032,62300118,50.31%,61543625,49.69%,0%,0%,123843743,100%,91840136,74.16%,120916408,97.64%,161853344,261990399,1037118,0.84%,High
P-008,heat-selected,P,M,72h,3,NA,54.75,85407210,84090035,98.46%,8.83932,42964408,50.31%,42442802,49.69%,0%,0%,85407210,100%,63877156,74.79%,83309408,97.54%,142665911,242741299,780627,0.91%,High
P-009,heat-selected,P,F,48h,3,2.641,44.01666667,83196975,82096704,98.68%,8.60179,41859554,50.31%,41337421,49.69%,0%,0%,83196975,100%,62913449,75.62%,81458542,97.91%,141529247,241667728,638162,0.77%,Low
P-010,heat-selected,P,M,48h,3,2.353,41.6,113997019,112017832,98.26%,11.8305,57347643,50.31%,56649376,49.69%,0%,0%,113997019,100%,83105980,72.90%,110887011,97.27%,156925370,257071649,1130821,0.99%,Low
P-011,heat-selected,P,F,48h,3,2.591,43.4,77707534,76380549,98.29%,8.0967,39130653,50.36%,38576881,49.64%,0%,0%,77707534,100%,55388108,71.28%,75641755,97.34%,138832215,238875319,738794,0.95%,Low
P-012,heat-selected,P,F,48h,3,2.72,51.5,117111546,115238712,98.40%,12.167,58904778,50.30%,58206768,49.70%,0%,0%,117111546,100%,84799472,72.41%,114198836,97.51%,158497824,258613722,1039876,0.89%,High
P-013,heat-selected,P,F,48h,3,2.806,41.38333333,125661302,123758645,98.49%,13.0596,63188668,50.28%,62472634,49.72%,0%,0%,125661302,100%,92714353,73.78%,122703907,97.65%,162767069,262894233,1054738,0.84%,Low
P-014,heat-selected,P,F,72h,3,2.773,42.46666667,92988212,91757972,98.68%,9.64791,46757199,50.28%,46231013,49.72%,0%,0%,92988212,100%,70789885,76.13%,91037398,97.90%,146390168,246598044,720574,0.77%,Low
P-015,heat-selected,P,M,72h,3,2.453,62.36666667,61639393,60632376,98.37%,6.44729,31002836,50.30%,30636557,49.70%,0%,0%,61639393,100%,43705281,70.90%,60001420,97.34%,130804637,230834756,630956,1.02%,High
P-016,heat-selected,P,M,72h,3,2.426,45.7,109799039,107941972,98.31%,11.4276,55245500,50.32%,54553539,49.68%,0%,0%,109799039,100%,78335437,71.34%,106899513,97.36%,154858727,254940312,1042459,0.95%,Low
P-017,heat-selected,P,M,72h,3,NA,41.51666667,170831688,168309378,98.52%,17.8312,85895784,50.28%,84935904,49.72%,0%,0%,170831688,100%,122017122,71.43%,166988706,97.75%,185319799,285511889,1320672,0.77%,Low
P-018,heat-selected,P,M,72h,3,NA,52.06666667,93632415,91949142,98.20%,9.73992,47113168,50.32%,46519247,49.68%,0%,0%,93632415,100%,66161405,70.66%,90960524,97.15%,146789178,246843237,988618,1.06%,High
P-019,heat-selected,P,M,72h,3,NA,64.81666667,133279867,131089969,98.36%,13.8908,67034206,50.30%,66245661,49.70%,0%,0%,133279867,100%,95446627,71.61%,129895715,97.46%,166588590,266691277,1194254,0.90%,High
P-020,heat-selected,P,M,72h,3,2.492,50.01666667,140287750,138287085,98.57%,14.6709,70524784,50.27%,69762966,49.73%,0%,0%,140287750,100%,99679467,71.05%,137181549,97.79%,170040169,270247581,1105536,0.79%,High
P-021,heat-selected,P,F,72h,3,2.779,41.98333333,101250906,99504521,98.28%,10.5494,50927178,50.30%,50323728,49.70%,0%,0%,101250906,100%,71870156,70.98%,98485437,97.27%,150582978,250667928,1019084,1.01%,Low
P-022,heat-selected,P,M,72h,3,2.358,45.03333333,107617026,105722994,98.24%,11.1924,54159468,50.33%,53457558,49.67%,0%,0%,107617026,100%,76151431,70.76%,104656645,97.25%,153759067,253857959,1066349,0.99%,Low
P-023,heat-selected,P,F,72h,3,2.701,36.28333333,111406762,109468051,98.26%,11.6142,56046665,50.31%,55360097,49.69%,0%,0%,111406762,100%,78409859,70.38%,108370827,97.27%,155656012,255750750,1097224,0.98%,Low
P-024,heat-selected,P,M,72h,3,2.484,41.06666667,70473618,69011375,97.93%,7.25626,35487488,50.36%,34986130,49.64%,0%,0%,70473618,100%,48628898,69.00%,68095570,96.63%,135229504,235244114,915805,1.30%,Low
P-025,heat-selected,P,F,72h,3,2.732,44.28333333,79050704,77649275,98.23%,8.18399,39788867,50.33%,39261837,49.67%,0%,0%,79050704,100%,56798874,71.85%,76810722,97.17%,139498606,239552098,838553,1.06%,Low
P-026,heat-selected,P,M,72h,3,2.456,35.23333333,86637790,85132399,98.26%,8.9758,43595390,50.32%,43042400,49.68%,0%,0%,86637790,100%,60588918,69.93%,84233239,97.22%,143284784,243353006,899160,1.04%,Low
P-027,heat-selected,P,F,72h,3,2.683,49.11666667,68037819,66825749,98.22%,7.10012,34215424,50.29%,33822395,49.71%,0%,0%,68037819,100%,46991198,69.07%,66048701,97.08%,133997906,234039913,777048,1.14%,High
P-028,heat-selected,P,M,72h,3,2.294,30.53333333,99498922,97684011,98.18%,10.2754,50114098,50.37%,49384824,49.63%,0%,0%,99498922,100%,70688778,71.04%,96687681,97.17%,149683834,249815088,996330,1.00%,Low
P-029,heat-selected,P,F,72h,3,2.732,38.35,100802264,98893423,98.11%,10.4737,50728018,50.32%,50074246,49.68%,0%,0%,100802264,100%,68977910,68.43%,97775263,97.00%,150358867,250443397,1118160,1.11%,Low
P-030,heat-selected,P,M,72h,3,2.251,25.4,114314058,112126244,98.09%,11.8798,57517835,50.32%,56796223,49.68%,0%,0%,114314058,100%,77326999,67.64%,110864471,96.98%,157099621,257214437,1261773,1.10%,Low
P-031,heat-selected,P,F,72h,3,NA,39.95,93148313,91100380,97.80%,9.65942,46903100,50.35%,46245213,49.65%,0%,0%,93148313,100%,61905754,66.46%,89875747,96.49%,146542112,246606201,1224633,1.31%,Low
P-032,heat-selected,P,M,72h,3,2.466,45.36666667,107567583,105566653,98.14%,11.2112,54101711,50.30%,53465872,49.70%,0%,0%,107567583,100%,73379316,68.22%,104385602,97.04%,153743729,253823854,1181051,1.10%,Low
P-033,heat-selected,P,F,72h,3,2.753,49.4,87975325,86624763,98.46%,9.19584,44233265,50.28%,43742060,49.72%,0%,0%,87975325,100%,62286642,70.80%,85815569,97.55%,143962117,244013208,809194,0.92%,High
P-034,heat-selected,P,M,72h,3,NA,47.33333333,87033212,85442498,98.17%,9.0284,43808083,50.33%,43225129,49.67%,0%,0%,87033212,100%,60482629,69.49%,84501660,97.09%,143488705,243544507,940838,1.08%,Low
P-035,heat-selected,P,F,72h,3,2.723,32.01666667,87475653,85690438,97.96%,9.07586,44079811,50.39%,43395842,49.61%,0%,0%,87475653,100%,59727477,68.28%,84672703,96.80%,143704390,243771263,1017735,1.16%,Low
P-036,heat-selected,P,M,72h,3,2.315,58,88895339,87448819,98.37%,9.2621,44719038,50.31%,44176301,49.69%,0%,0%,88895339,100%,61249378,68.90%,86577185,97.39%,144390962,244504377,871634,0.98%,High
P-037,heat-selected,P,F,72h,3,NA,36.38333333,67692522,66381823,98.06%,7.03416,34076615,50.34%,33615907,49.66%,0%,0%,67692522,100%,46121836,68.13%,65565962,96.86%,133830122,233862400,815861,1.21%,Low
P-038,heat-selected,P,M,72h,3,2.452,47.78333333,77601487,76185307,98.18%,8.05747,39040147,50.31%,38561340,49.69%,0%,0%,77601487,100%,53284288,68.66%,75296999,97.03%,138782766,238818721,888308,1.14%,High
P-039,heat-selected,P,F,72h,3,NA,47.05,96829478,94978764,98.09%,10.0911,48718647,50.31%,48110831,49.69%,0%,0%,96829478,100%,66051896,68.21%,93890800,96.97%,148386233,248443245,1087964,1.12%,High
P-040,heat-selected,P,F,72h,3,2.526,59.81666667,90311837,88434435,97.92%,9.40845,45449654,50.33%,44862183,49.67%,0%,0%,90311837,100%,60248527,66.71%,87286407,96.65%,145134599,245177238,1148028,1.27%,High
P-041,heat-selected,P,F,72h,3,2.47,34.9,72032041,70807943,98.30%,7.52259,36240229,50.31%,35791812,49.69%,0%,0%,72032041,100%,48714638,67.63%,70063713,97.27%,135977735,236054306,744230,1.03%,Low
P-042,heat-selected,P,F,72h,3,2.859,51.58333333,89089536,87673363,98.41%,9.28341,44758885,50.24%,44330651,49.76%,0%,0%,89089536,100%,59447515,66.73%,86761530,97.39%,144445822,244643714,911833,1.02%,High
P-044,heat-selected,P,F,72h,3,2.69,40.95,85540404,84238889,98.48%,8.95786,42984460,50.25%,42555944,49.75%,0%,0%,85540404,100%,58756901,68.69%,83412511,97.51%,142702763,242837641,826378,0.97%,Low
P-045,heat-selected,P,F,72h,3,2.471,39.28333333,96453611,94627606,98.11%,10.0493,48515123,50.30%,47938488,49.70%,0%,0%,96453611,100%,65860452,68.28%,93511597,96.95%,148181039,248272572,1116009,1.16%,Low
P-046,heat-selected,P,M,72h,3,2.343,21.81666667,82208548,80628794,98.08%,8.54393,41373400,50.33%,40835148,49.67%,0%,0%,82208548,100%,56091047,68.23%,79676911,96.92%,141081834,241126714,951883,1.16%,Low
P-047,heat-selected,P,F,72h,3,2.465,19.78333333,51703633,50660274,97.98%,5.3842,26095367,50.47%,25608266,49.53%,0%,0%,51703633,100%,35146587,67.98%,50092734,96.88%,125838191,225865442,567540,1.10%,Low
P-048,heat-selected,P,F,72h,3,2.524,33.05,63535808,62373426,98.17%,6.63948,31977471,50.33%,31558337,49.67%,0%,0%,63535808,100%,43724409,68.82%,61680973,97.08%,131758401,231777407,692453,1.09%,Low
P-049,heat-selected,P,F,72h,3,NA,42.28333333,93541975,91848883,98.19%,9.7433,47043713,50.29%,46498262,49.71%,0%,0%,93541975,100%,64039987,68.46%,90816725,97.09%,146734680,246807295,1032158,1.10%,Low
P-050,heat-selected,P,F,72h,3,NA,20.86666667,86659420,84910373,97.98%,8.98954,43625379,50.34%,43034041,49.66%,0%,0%,86659420,100%,59117853,68.22%,83892440,96.81%,143305612,243353808,1017933,1.17%,Low