"","V452737","V124413","V856018","V25173","V640775","V538191","V549593","V877029","V284450","V629118","V961313","V354634","V632230","V953748","V384121","V474796","V349464","V115757","V906982","V21875","V353239","V374376","V414539","V1061860","V794408","V909396","V445469","V813308","V1048097","V800405","V1087817","V441175","V1114970","V989803","V622304","V628865","V660411","V1016309","V760319","V410136","V2479123","V2563935","V1195402","V1823800","V2519933","V1721692","V2214394","V2536986","V1554085","V1324906","V1885288","V1721715","V2301423","V2574184","V2265390","V2089234","V1544358","V2431408","V2681962","V2474951","V2379163","V1242983","V1193827","V1583264","V1942801","V1238265","V2326856","V1251330","V1331941","V2338596","V1856583","V1619776","V2263699","V1762054","V2386972","V2767575","V1409502","V2421831","V2065593","V1152567","V2943646","V3389964","V3913594","V3335297","V3557445","V3021271","V3379779","V2853339","V3662992","V3271716","V3665994","V3284062","V3241754","V3008279","V3454602","V3786335","V3184868","V3157802","V2947619","V2982131","V3360607","V3220287","V3086502","V3259586","V2827714","V3666117","V3588355","V3798482","V3418888","V2815138","V3048027","V3084562","V3726772","V3752311","V3743224","V2822022","V3317467","V3227501","V3933094","V3355706"
"E-010",0,2,0,1,2,1,0,0,0,0,2,0,1,1,0,2,2,0,1,0,0,1,2,1,2,2,1,2,1,0,1,2,0,0,2,0,0,1,1,1,0,1,0,0,1,0,0,1,0,2,2,1,1,2,0,0,1,1,1,1,1,1,0,1,2,2,0,0,0,2,1,1,0,2,2,1,1,0,2,1,0,0,0,2,1,1,2,1,0,2,0,0,0,1,0,1,0,0,0,0,2,2,0,0,2,1,1,0,1,1,1,1,2,2,0,1,2,0,0,2
"E-011",0,1,1,0,0,1,0,1,1,1,2,0,2,0,0,1,2,0,0,0,1,1,2,0,0,1,0,2,0,1,0,2,0,0,2,0,1,0,0,1,2,2,0,1,1,0,1,1,0,1,0,0,1,2,1,1,1,1,2,0,2,0,1,2,0,2,2,1,0,1,1,0,0,2,2,1,1,0,1,0,0,0,1,1,2,0,2,1,1,2,1,0,0,0,1,0,2,2,2,0,1,1,1,0,2,1,2,0,1,2,0,0,0,2,1,0,1,1,0,1
"E-012",1,1,0,1,1,2,2,1,1,2,1,0,1,2,0,0,1,0,1,0,1,1,1,2,1,2,0,2,0,0,1,1,0,0,0,0,1,0,1,0,1,1,1,0,1,1,1,1,0,1,1,1,1,2,1,0,2,1,2,1,1,1,0,2,2,1,2,0,1,0,1,2,0,2,2,1,0,1,0,1,0,1,0,1,2,0,2,1,0,1,0,1,0,1,0,0,0,0,1,0,1,1,1,1,2,0,2,0,1,0,0,0,0,2,1,0,2,0,0,1
"E-013",1,1,0,1,0,1,0,1,1,1,1,0,0,0,0,0,2,0,0,0,1,1,0,1,0,2,0,2,1,0,0,2,0,0,1,0,1,0,1,0,1,2,0,0,1,1,0,1,1,2,0,2,1,2,1,0,1,0,1,0,1,1,0,2,0,1,2,1,0,1,1,1,0,1,1,1,2,2,2,1,1,1,1,2,2,0,1,1,0,1,1,1,0,1,1,0,0,0,0,0,2,1,1,1,1,1,2,1,0,1,2,1,1,2,0,1,2,0,1,2
"E-015",1,2,1,1,1,1,1,1,0,2,1,0,1,2,0,0,1,0,1,1,1,1,0,2,1,1,0,1,1,1,1,2,0,0,0,0,1,0,1,1,1,1,1,0,0,1,0,1,0,1,1,1,1,2,0,1,2,0,2,1,1,1,0,1,2,2,0,1,1,2,1,1,1,2,0,1,1,1,1,1,1,0,1,1,1,0,1,1,0,2,1,1,1,0,0,0,1,0,0,1,1,1,0,0,1,1,1,1,0,2,1,1,1,2,0,1,2,0,1,2
"E-018",0,2,1,2,0,0,0,1,0,1,2,0,1,1,0,1,2,0,0,0,0,1,1,1,0,0,0,2,1,1,0,1,0,1,0,0,2,0,0,0,1,2,0,0,0,1,0,1,1,1,0,0,1,2,0,1,2,0,1,1,2,0,0,2,1,1,0,1,0,2,1,2,1,1,0,2,1,1,1,0,1,1,0,0,1,1,1,1,0,2,0,1,1,1,2,1,1,0,1,0,0,1,1,0,2,0,1,0,1,2,1,0,1,1,0,0,2,1,0,2
"E-019",1,1,0,2,1,2,1,1,0,1,2,0,1,2,0,0,1,0,2,0,1,1,1,0,1,1,1,1,0,0,0,2,1,0,1,1,1,0,2,0,0,1,1,0,0,1,1,1,1,1,1,2,1,2,1,0,2,0,1,1,2,0,0,1,1,2,1,1,0,2,1,2,0,1,1,2,1,0,0,0,1,1,1,1,1,0,2,1,0,1,0,1,0,0,0,0,0,0,1,0,1,1,1,1,2,0,1,0,0,0,1,0,0,2,0,0,2,0,0,1
"E-020",0,0,1,1,0,2,2,1,1,1,1,1,0,1,0,0,2,0,0,0,0,1,2,0,0,1,0,2,1,0,0,2,2,0,0,0,2,0,1,0,0,1,1,0,0,0,0,2,0,2,1,2,2,2,0,0,2,0,1,1,0,0,0,0,2,1,2,1,0,0,1,2,0,2,1,0,1,1,2,1,0,0,1,2,1,0,0,1,0,2,0,0,0,1,0,0,2,0,1,0,0,0,0,0,2,0,2,0,1,1,0,0,0,2,0,0,2,0,0,2
"E-022",0,2,1,0,0,1,0,0,2,0,2,1,0,0,1,1,2,0,0,0,1,1,2,0,0,1,0,2,1,1,0,1,1,1,1,2,1,0,1,1,1,1,0,0,1,1,2,0,0,1,1,1,1,2,2,0,1,1,1,0,1,0,1,2,1,1,2,1,0,1,1,2,0,2,2,2,1,0,1,0,1,0,0,1,2,0,1,1,0,2,1,0,0,0,0,0,2,2,1,0,1,0,1,0,2,0,2,1,1,1,0,0,0,2,0,0,1,1,2,2
"E-023",0,1,0,1,0,1,0,1,1,0,2,0,0,0,0,0,2,0,0,0,0,1,2,1,0,1,1,1,0,1,0,1,0,0,2,1,0,0,0,0,1,2,0,1,0,1,0,1,0,1,1,0,1,2,1,0,1,0,1,1,2,0,1,2,1,1,1,1,0,1,1,2,1,2,0,1,1,2,0,1,0,1,1,0,1,2,1,0,0,2,0,0,0,1,1,0,0,0,1,1,0,2,1,0,2,0,1,1,1,2,0,0,0,2,1,0,2,1,1,2
"E-024",1,2,0,1,1,1,1,1,0,1,2,0,1,1,1,0,1,0,1,0,1,1,1,1,0,2,0,2,1,0,1,2,0,1,0,0,0,0,1,0,0,1,0,0,0,0,1,1,0,0,2,0,1,2,1,0,2,0,1,1,2,0,0,1,1,2,2,1,0,1,1,0,0,2,1,1,2,1,1,0,0,1,0,2,1,0,1,1,0,1,0,1,0,1,1,0,1,1,0,0,2,0,0,1,2,2,1,0,1,1,1,0,2,2,0,0,2,0,0,2
"E-025",1,2,0,0,1,1,0,1,0,1,1,0,1,1,0,0,2,1,1,1,1,1,1,1,1,1,1,1,1,0,1,2,1,0,0,0,2,0,0,1,1,2,0,1,0,1,0,0,0,0,1,2,1,2,1,1,2,0,2,0,1,0,0,2,0,0,1,0,0,1,0,2,1,0,1,2,1,1,2,0,1,1,1,0,2,0,2,2,0,2,1,0,1,1,1,0,1,0,2,1,1,2,1,0,2,1,2,1,1,0,1,0,1,2,0,1,2,0,1,2
"E-026",1,1,1,2,0,2,1,0,0,1,2,0,1,0,0,0,1,0,1,0,1,1,1,2,0,1,1,2,1,2,1,0,0,1,1,1,1,0,2,0,2,2,1,0,1,0,1,1,1,1,2,1,1,2,1,1,2,0,1,1,1,0,0,0,2,1,0,1,0,1,0,0,0,2,0,2,1,2,0,0,0,0,0,1,2,0,1,1,0,2,0,1,1,1,0,1,2,1,1,0,1,0,1,0,2,0,1,0,0,0,1,0,1,2,1,0,2,1,0,2
"E-027",1,2,1,1,0,1,0,1,1,1,2,1,0,1,0,0,2,0,0,0,0,2,1,1,0,1,0,2,1,1,1,2,0,0,1,1,1,0,0,1,2,0,0,1,1,0,0,1,0,1,2,2,1,2,0,1,1,1,2,1,2,0,1,2,1,2,0,1,1,1,1,2,0,1,2,2,1,1,2,0,0,0,1,1,1,1,0,0,0,2,0,0,0,1,1,0,1,1,2,0,1,2,1,0,2,0,1,2,1,2,0,0,1,2,1,0,2,0,1,2
"E-028",1,1,0,0,0,1,0,1,0,0,1,0,0,0,0,0,2,0,2,0,0,1,1,1,0,1,1,2,1,0,0,2,1,2,2,1,1,0,1,0,1,2,1,0,1,0,0,1,0,1,1,2,0,2,0,1,1,0,1,1,0,0,0,2,1,1,2,1,0,1,1,1,1,1,2,0,1,1,2,1,0,0,1,1,1,1,1,1,0,2,0,0,0,1,0,0,0,0,2,1,0,2,0,0,2,0,2,0,1,1,0,0,0,2,1,0,1,0,2,1
"E-04",0,1,1,0,0,2,1,2,1,1,1,0,0,1,1,1,2,0,0,0,1,1,1,2,0,1,0,2,0,0,0,2,1,1,1,0,1,0,0,0,1,0,0,1,0,1,0,1,0,2,1,1,1,2,0,0,2,0,0,0,1,0,0,1,1,2,0,1,0,1,1,2,1,2,2,2,1,1,1,0,0,0,0,0,2,0,1,1,0,2,0,0,0,0,0,0,0,0,1,0,1,1,0,0,2,0,2,0,1,1,1,0,0,2,1,0,2,0,1,1
"F-002",1,1,0,0,0,1,0,2,0,1,2,0,1,1,0,1,2,0,0,0,1,1,0,1,0,1,0,1,0,0,0,2,0,1,2,1,1,0,1,1,1,2,0,1,0,1,0,0,0,1,1,1,1,2,1,0,2,0,1,1,2,1,0,2,1,2,1,1,0,1,1,2,1,0,0,1,1,2,2,1,1,1,0,1,0,1,2,0,1,2,1,0,0,1,1,0,0,0,1,0,1,2,1,0,1,1,2,1,1,1,1,1,1,2,0,1,2,1,0,2
"F-003",0,1,0,1,0,2,0,2,0,0,2,0,0,1,1,1,2,0,1,0,1,1,1,0,0,0,1,2,1,0,0,2,1,1,2,1,1,0,0,1,2,1,1,0,0,0,0,1,0,1,0,2,1,2,0,1,1,0,1,1,1,0,0,2,1,0,0,1,0,1,1,0,1,2,0,2,1,1,1,0,0,0,0,0,2,0,0,2,0,2,1,1,1,1,0,1,1,0,2,0,0,0,1,0,2,0,1,0,1,0,0,0,2,2,0,1,2,0,0,2
"F-005",1,2,0,1,0,1,0,0,0,0,2,0,0,0,0,1,2,0,0,0,0,1,1,1,2,1,1,1,0,0,1,2,1,0,2,2,2,0,1,0,1,2,1,0,0,1,1,1,0,2,0,1,1,2,1,0,2,0,1,0,0,1,0,2,2,2,1,1,0,1,1,2,0,2,1,1,1,1,2,1,0,2,1,1,1,1,1,1,0,1,0,1,0,1,0,0,0,0,1,0,1,1,1,1,2,1,1,0,0,2,1,0,1,2,0,0,2,1,0,2
"F-009",1,1,1,0,0,2,0,1,1,0,0,0,0,0,1,1,2,0,1,0,1,2,1,2,0,1,0,2,0,1,0,2,0,2,2,1,1,0,1,1,1,1,1,0,0,0,1,2,1,1,1,2,1,2,0,1,0,0,1,1,0,0,0,1,1,1,1,1,0,1,1,2,1,1,2,1,0,1,2,1,0,0,0,2,2,1,0,2,0,2,0,0,1,1,0,0,1,0,2,1,0,1,1,0,1,0,2,0,1,0,1,1,0,2,1,0,2,0,2,2
"F-011",0,1,0,1,0,1,0,1,1,0,2,0,0,0,0,1,2,0,0,0,0,1,2,1,0,2,1,1,0,1,0,1,0,0,2,1,0,0,0,0,1,2,0,1,0,1,0,1,0,1,1,0,1,2,1,0,1,0,1,1,2,1,1,2,1,1,1,1,0,1,1,2,1,2,0,1,1,2,1,1,0,1,1,0,1,2,1,0,0,2,0,0,0,1,1,0,0,0,1,1,0,2,0,0,2,0,1,1,1,2,0,0,0,2,1,0,2,1,1,2
"F-012",1,1,0,1,0,2,0,0,1,0,1,0,0,0,0,0,2,0,1,0,0,2,1,0,1,1,1,2,1,0,0,2,1,0,1,1,2,0,1,0,0,1,1,0,0,0,0,1,0,0,2,2,1,2,0,1,1,0,2,0,0,0,0,1,0,0,1,0,0,1,1,1,0,1,2,2,0,1,1,1,1,1,1,0,2,1,2,0,0,2,0,0,1,1,0,1,1,0,1,0,2,2,1,0,1,0,1,0,1,1,0,0,1,2,0,1,2,0,1,1
"F-013",1,2,0,0,0,1,0,1,0,1,1,0,1,0,0,0,2,0,1,1,0,1,1,1,1,1,0,2,1,1,0,2,1,0,0,0,1,0,0,0,1,2,0,1,0,1,0,1,0,0,1,2,1,2,1,1,2,0,2,0,1,0,0,2,0,0,1,1,0,1,1,2,1,0,1,2,1,2,2,0,1,1,1,0,2,0,2,2,0,1,1,0,1,1,1,0,1,0,2,1,1,2,1,0,2,1,2,1,1,1,1,0,1,2,0,1,2,0,2,2
"F-015",1,2,0,2,1,2,1,0,0,1,2,1,1,1,0,0,0,0,1,0,1,1,0,1,1,1,0,1,0,1,-1,2,0,0,0,1,0,0,1,1,1,0,1,0,2,0,1,0,1,0,2,0,1,2,2,1,2,1,1,0,2,0,0,1,1,2,2,1,0,1,1,2,1,1,2,2,1,0,1,0,1,1,1,2,1,0,2,1,0,2,0,0,1,0,0,0,2,1,1,0,1,0,1,0,2,0,2,0,1,1,0,0,0,2,0,0,1,1,1,1
"F-016",0,0,0,0,1,1,1,0,2,1,2,0,1,1,0,0,1,1,1,1,1,0,1,0,0,2,0,1,0,0,1,2,0,0,1,1,0,0,1,1,0,2,1,0,0,1,0,1,1,1,0,0,1,2,1,1,2,1,0,1,2,1,1,2,2,2,0,1,1,2,1,2,1,2,1,2,1,1,2,1,0,1,1,1,0,1,1,1,0,2,0,0,1,1,0,1,1,0,0,1,0,1,1,0,2,2,1,0,1,2,0,0,2,2,0,0,1,1,1,1
"F-017",1,1,0,0,0,1,0,2,0,0,0,0,1,1,0,1,2,0,1,0,0,1,0,2,1,1,1,1,1,0,0,1,1,2,2,1,0,0,0,1,1,1,0,0,0,1,0,1,1,2,0,1,1,2,0,0,1,2,1,1,1,0,0,0,2,2,1,1,0,1,0,2,1,2,2,2,1,2,1,1,0,0,1,1,1,0,1,1,0,2,0,0,0,0,0,0,0,0,2,1,1,2,0,0,2,0,1,0,0,0,1,1,0,2,1,0,2,0,2,1
"F-018",1,1,1,1,0,2,0,2,0,0,2,1,0,1,0,1,2,0,1,0,1,2,2,2,0,0,1,2,1,0,0,2,1,1,2,1,1,0,1,1,1,1,1,0,0,1,0,1,0,2,2,1,1,2,0,1,2,0,1,0,1,0,0,1,1,0,0,1,0,1,1,1,0,2,2,1,1,1,1,0,0,1,1,0,2,0,2,1,0,2,0,0,0,1,0,0,0,0,2,0,1,2,1,0,2,0,2,0,1,1,0,0,0,2,1,0,1,0,2,0
"F-019",0,-1,0,1,0,1,0,0,1,0,2,1,0,0,0,2,1,1,0,0,0,1,1,1,1,2,1,2,0,0,2,1,0,0,1,1,1,1,0,0,1,2,0,0,0,0,1,1,0,1,0,2,1,2,1,0,1,0,1,1,0,1,0,2,0,2,1,1,0,1,1,0,0,1,2,2,1,1,2,1,1,2,1,1,1,0,1,1,0,1,1,2,0,1,0,0,0,0,1,1,1,0,1,1,2,1,2,0,1,1,1,0,1,2,0,0,1,0,0,2
"F-020",0,1,0,0,0,1,0,0,1,1,1,0,0,0,0,0,2,1,0,1,0,2,0,1,1,1,0,1,0,1,1,2,1,0,0,0,2,1,0,0,1,2,0,0,1,2,0,1,1,0,0,1,1,2,1,1,2,0,1,1,2,0,0,2,1,0,1,1,0,2,1,2,1,1,0,2,1,2,1,0,1,0,0,1,1,0,1,1,0,2,0,1,1,0,1,1,1,0,1,0,1,1,0,0,0,0,1,1,0,0,2,1,0,2,0,1,2,0,1,2
"F-021",1,0,1,0,0,1,0,1,1,1,0,0,0,0,1,0,2,0,1,0,0,1,1,1,1,1,1,2,0,0,0,2,1,1,1,0,0,0,0,1,1,2,0,0,0,0,0,1,1,2,2,0,1,2,0,2,1,0,1,0,0,0,0,1,0,2,0,1,0,2,1,2,0,1,1,1,0,2,1,1,1,0,1,0,1,2,2,1,0,1,0,0,0,1,0,0,0,0,2,1,0,1,1,1,2,0,2,1,0,0,0,1,1,2,2,0,1,1,1,0
"F-022",0,1,1,0,1,1,0,1,0,0,1,0,1,2,0,0,2,1,1,1,0,2,1,1,1,1,1,1,1,1,0,1,1,0,1,0,1,0,0,1,1,2,0,1,0,1,0,1,0,0,2,1,1,2,0,1,2,0,1,1,1,0,0,2,2,0,0,1,0,2,1,2,0,2,0,0,1,1,1,0,0,0,0,1,1,0,1,0,0,2,0,1,1,1,0,1,1,0,0,0,1,1,1,0,0,0,1,0,0,0,2,1,0,1,0,2,2,0,0,2
"F-023",1,1,0,1,0,1,0,0,0,0,2,1,0,1,0,0,1,0,1,0,0,-1,1,0,0,1,1,2,1,0,0,2,0,1,2,1,2,0,2,1,1,0,2,0,1,0,0,1,0,0,0,2,1,2,0,2,2,1,2,1,2,0,0,2,2,1,0,1,0,1,1,1,1,2,1,2,1,1,1,0,0,0,1,0,2,0,0,0,0,2,0,1,1,1,0,0,1,0,1,1,0,1,1,0,1,0,1,1,1,2,1,0,1,2,0,0,1,0,1,2
"F-024",0,1,0,0,0,1,0,2,1,0,2,0,1,1,1,1,2,0,0,0,2,2,1,1,1,0,0,2,1,0,0,2,1,1,2,0,0,1,0,1,2,2,0,1,1,0,0,1,0,1,1,1,1,2,0,1,1,1,2,1,2,0,0,2,1,2,0,1,0,1,1,0,1,2,2,1,1,2,2,1,0,0,2,1,0,0,0,0,1,2,0,0,0,1,0,0,0,0,2,0,0,1,0,0,2,0,1,0,1,1,1,0,0,2,1,0,2,0,1,2
"F-025",1,2,1,2,1,2,1,0,0,1,2,1,1,1,0,0,0,0,1,0,1,1,0,1,1,1,0,2,1,0,1,2,0,0,0,1,0,0,1,1,0,1,1,0,0,1,0,0,0,2,1,1,1,0,0,2,2,1,1,0,1,0,0,1,1,1,1,0,1,2,1,2,1,1,2,2,0,1,2,0,1,1,0,1,1,0,2,0,0,2,0,0,2,1,1,0,2,0,1,1,1,1,1,0,1,1,2,1,1,0,0,0,1,2,0,1,1,1,2,1
"F-026",0,2,0,0,0,1,0,0,0,0,2,0,0,0,0,0,2,0,0,0,0,1,1,0,1,2,0,0,1,0,1,2,0,0,1,1,1,0,0,1,2,2,0,0,1,2,0,0,0,0,1,0,1,2,0,1,2,0,1,1,0,0,1,1,2,0,1,1,0,1,1,2,0,2,0,1,1,2,2,1,1,0,1,1,0,0,1,0,0,2,1,0,0,1,0,1,0,0,0,0,2,2,0,1,2,2,1,0,1,2,1,2,1,2,0,0,2,0,0,2
"F-027",1,0,0,0,0,1,0,2,2,0,2,0,2,2,0,1,2,1,0,0,1,1,1,1,0,0,0,2,1,0,1,2,0,1,2,2,1,1,0,1,0,1,0,0,0,0,0,1,0,0,0,0,1,2,0,0,1,0,2,0,1,0,0,2,1,2,1,0,0,1,1,0,0,2,1,1,1,1,1,0,0,0,0,0,1,0,0,0,1,2,2,0,0,1,2,0,0,0,0,1,0,2,0,0,2,1,2,2,1,2,0,0,0,2,1,0,1,0,1,2
"F-028",1,0,0,2,0,2,1,1,1,1,1,0,0,1,0,0,2,0,1,0,0,1,2,0,0,1,1,2,1,1,0,2,0,1,1,1,2,0,1,1,0,1,1,0,0,0,0,1,0,0,2,2,1,2,0,1,1,0,1,0,0,0,0,1,1,0,1,0,0,0,0,1,0,1,2,2,1,1,1,0,1,2,1,0,1,1,2,0,0,2,0,0,1,1,0,0,1,0,2,1,2,2,1,0,2,1,1,0,1,1,0,0,1,2,0,0,2,0,0,1
"F-029",1,1,0,1,0,1,0,0,1,0,2,1,1,0,0,1,2,1,0,1,0,1,2,0,2,0,0,2,1,0,0,2,1,1,0,1,2,0,1,0,1,2,1,0,1,0,0,1,1,2,1,1,1,2,1,1,2,1,0,1,1,1,0,1,2,1,0,1,1,2,1,1,1,2,1,2,0,1,2,1,0,1,0,2,1,0,2,1,0,2,0,0,1,1,0,1,1,0,1,0,1,1,1,0,1,1,1,0,1,1,1,1,2,2,0,0,1,1,1,1
"F-031",1,2,0,1,0,1,0,1,1,1,2,0,0,0,0,0,2,0,0,0,1,1,1,1,1,2,0,1,0,0,2,1,0,0,2,1,0,0,1,0,2,2,0,1,0,1,0,1,0,1,1,1,1,2,1,0,2,0,1,1,1,1,1,2,1,2,0,0,0,2,1,2,1,1,0,2,1,2,2,1,0,1,0,1,0,1,2,0,1,2,1,0,0,1,1,0,0,0,1,0,1,2,1,0,1,0,2,1,1,1,1,1,0,1,0,1,2,1,1,2
"F-032",1,1,1,2,0,1,0,1,0,1,2,0,0,1,0,0,2,0,1,0,1,1,1,2,0,1,1,2,0,2,0,2,0,1,2,1,1,0,2,0,0,2,1,0,0,1,2,1,0,1,0,2,1,2,1,0,1,1,0,0,1,1,0,2,0,1,2,1,1,1,0,1,0,1,2,1,1,0,2,1,1,1,0,2,2,0,0,0,0,0,1,2,0,1,1,0,0,0,0,0,2,0,1,2,1,2,2,0,1,0,2,0,1,1,0,2,2,0,0,2
"F-035",0,1,1,1,0,1,0,2,0,1,1,0,0,0,0,1,2,0,0,1,1,1,1,1,1,2,0,2,0,1,1,0,0,0,2,0,0,0,2,1,2,1,0,1,0,1,2,1,1,1,1,2,1,2,1,0,2,1,1,0,1,1,0,1,0,2,0,1,0,1,1,2,0,1,1,1,1,1,1,1,0,1,0,2,1,0,1,1,0,1,1,1,0,1,1,0,1,1,0,1,2,0,1,1,1,0,2,0,1,0,1,0,0,1,0,1,2,1,1,2
"F-036",0,1,2,1,0,1,1,0,0,0,2,1,0,1,0,1,2,1,0,0,0,1,2,0,1,1,1,1,1,0,0,1,0,0,2,0,1,0,1,1,2,2,1,1,2,0,0,1,0,1,1,2,1,2,0,0,2,1,2,1,1,0,0,1,0,0,2,1,0,2,1,2,1,0,2,2,2,1,2,1,0,0,0,2,1,1,1,2,0,2,0,0,2,1,2,0,0,0,2,0,2,2,0,0,2,1,2,0,0,1,0,1,0,1,0,1,2,0,0,1
"F-037",1,0,0,0,0,1,1,2,1,1,2,1,2,1,0,2,1,2,0,1,0,1,1,0,0,1,0,2,0,0,0,1,0,1,2,1,1,0,0,1,2,2,0,0,1,0,1,1,0,2,0,0,1,2,0,0,1,0,1,1,1,0,0,2,1,0,0,1,0,1,0,1,1,2,0,2,1,2,2,0,0,0,0,2,1,1,2,0,0,2,0,1,1,0,1,0,0,0,0,1,1,2,0,0,2,1,1,0,1,1,0,0,1,2,0,0,2,1,0,2
"F-038",1,1,0,1,1,2,1,0,0,1,2,0,1,0,0,0,1,0,2,0,1,1,1,0,0,1,1,2,1,1,0,2,0,1,1,1,1,0,2,0,0,1,1,0,0,1,0,1,1,0,0,2,0,2,0,2,2,0,1,1,0,0,0,2,1,0,1,1,0,1,1,2,0,1,2,1,0,1,2,0,1,0,2,0,2,0,2,0,0,2,0,0,2,1,1,0,2,0,2,1,2,2,0,0,2,0,2,0,1,1,0,0,0,2,0,0,2,0,2,2
"G-003",0,1,0,2,0,1,0,0,1,0,1,0,1,0,0,0,2,0,0,0,0,1,1,0,1,1,0,1,0,0,0,2,1,0,0,0,2,0,0,1,1,2,0,0,0,2,0,1,1,0,0,1,0,2,0,1,2,0,0,1,0,0,0,2,1,0,1,1,0,1,1,2,0,1,1,1,0,2,2,0,1,0,1,1,1,0,2,1,0,2,0,0,1,1,1,0,2,0,2,1,2,2,1,0,2,0,1,1,1,1,1,0,0,2,0,0,2,0,2,2
"G-004",1,0,1,1,0,1,1,1,1,0,2,1,0,0,1,1,2,1,0,1,1,1,2,1,0,2,0,2,1,1,1,2,0,1,2,0,0,0,1,2,1,2,0,1,0,0,1,1,0,0,2,1,1,2,1,0,2,1,0,0,1,0,0,2,1,2,2,1,0,2,1,1,1,1,1,2,1,1,0,0,0,0,0,2,2,1,1,0,0,2,0,0,0,0,0,0,1,1,1,0,2,1,1,0,2,2,1,0,1,1,0,0,1,2,0,0,2,1,1,1
"G-007",1,0,0,2,0,2,0,0,1,0,1,0,0,1,0,0,2,0,1,0,0,1,1,1,1,1,1,1,1,0,1,2,1,0,1,1,2,0,0,1,0,1,1,0,0,1,0,0,0,2,0,1,1,1,0,2,2,0,2,1,1,0,0,1,2,1,2,1,0,1,1,2,1,2,1,2,1,1,1,0,0,0,1,0,1,0,1,1,0,2,0,1,2,1,0,0,2,0,2,1,1,1,1,0,2,1,1,0,0,1,1,0,1,2,0,0,2,0,2,2
"G-016",0,2,1,0,1,1,1,1,0,2,1,0,1,2,0,0,1,0,1,1,1,1,0,2,1,1,0,2,0,1,1,2,0,0,0,0,1,0,0,0,1,2,1,0,0,1,0,1,1,2,0,2,1,1,0,1,1,0,2,1,1,1,0,1,0,1,1,1,1,2,1,1,0,1,0,2,1,0,0,1,1,1,2,0,2,1,0,1,0,2,1,1,1,1,1,0,1,0,1,1,0,1,1,0,2,1,2,0,1,2,0,0,1,2,0,0,2,1,2,2
"G-017",0,1,0,2,1,2,2,1,1,2,1,0,1,2,0,0,1,0,1,0,1,1,0,0,1,2,0,2,0,0,0,1,0,0,0,0,1,0,1,0,1,0,1,0,1,1,1,1,0,2,1,1,1,2,1,1,2,1,2,1,2,1,0,1,2,2,1,1,1,1,1,2,0,2,1,2,1,0,0,1,1,0,0,1,2,1,1,0,0,1,0,2,1,1,0,0,0,0,1,0,0,0,1,1,2,0,2,0,0,0,0,0,0,2,1,0,2,0,0,2
"G-018",1,2,2,1,0,1,0,2,0,0,2,0,0,0,1,0,2,0,1,0,1,1,1,0,0,1,0,1,0,0,0,1,1,2,2,0,1,1,0,1,1,2,0,1,0,0,0,1,0,1,2,1,1,2,0,0,2,0,1,1,1,0,0,1,0,2,1,1,0,2,0,2,1,1,2,1,0,1,2,1,1,0,0,1,2,1,1,1,0,2,0,0,1,1,0,0,1,0,1,1,0,0,1,0,2,0,2,0,0,0,0,1,0,2,2,0,1,0,2,1
"G-019",0,1,0,0,0,1,0,1,0,1,1,0,2,1,0,1,2,1,0,0,0,0,2,0,1,1,0,2,1,0,0,2,0,0,1,0,2,0,0,1,2,1,0,0,0,1,1,1,1,2,2,2,1,2,0,0,2,0,1,1,0,0,1,1,1,0,1,0,0,2,1,1,0,1,1,2,1,1,2,0,1,0,1,0,2,0,1,0,1,2,0,0,1,1,1,1,1,0,1,1,1,1,1,0,2,0,2,1,0,2,0,0,0,2,0,0,2,0,0,2
"G-020",0,1,0,1,0,1,0,0,1,0,1,0,1,0,0,1,2,0,1,0,0,1,1,0,1,0,1,2,1,1,0,2,1,1,2,1,2,0,1,0,1,2,1,0,1,0,0,1,0,1,1,2,1,2,0,1,2,0,2,0,0,1,0,2,1,1,2,1,0,1,0,2,0,2,2,2,1,1,1,1,1,1,2,0,2,0,1,1,0,2,1,0,2,1,0,0,1,0,1,1,1,2,0,0,1,1,2,0,1,0,0,0,1,2,0,2,2,0,2,2
"H-005",0,2,0,1,0,1,0,2,0,2,1,0,1,0,0,1,2,0,0,0,1,1,1,2,0,2,0,1,0,0,0,2,1,1,2,0,1,0,0,1,2,2,0,0,1,1,1,1,1,1,0,1,1,2,1,1,1,0,1,0,1,0,1,1,2,1,1,1,0,2,0,1,1,2,1,1,1,1,2,0,1,0,0,2,1,1,1,1,0,2,1,0,0,1,0,0,0,0,1,1,1,2,1,0,2,1,1,0,1,2,1,2,2,2,0,0,2,0,0,2
"H-006",1,1,1,0,1,1,0,1,0,1,1,0,1,2,0,1,2,1,1,1,0,2,0,1,1,1,1,1,0,1,1,1,1,0,1,0,1,0,1,0,1,2,0,0,1,2,0,2,1,0,0,1,1,2,1,1,2,0,1,1,2,0,0,2,1,0,1,1,0,2,1,2,1,1,0,1,1,1,1,0,1,1,0,0,1,1,1,1,0,2,0,0,1,0,1,1,1,0,2,0,0,1,1,0,2,0,1,0,0,0,1,0,0,1,0,1,2,1,0,2
"H-007",1,1,1,1,0,0,0,1,0,1,2,0,1,1,0,0,2,1,0,0,1,1,1,1,1,1,0,1,0,1,0,2,1,0,1,0,1,0,0,1,1,2,0,0,1,1,1,1,0,2,0,1,1,2,1,0,1,0,2,1,0,1,0,2,1,1,2,1,1,1,1,1,0,2,1,1,1,1,2,1,1,1,1,2,1,1,1,0,0,1,1,1,0,1,0,0,0,0,1,0,2,1,1,1,1,2,1,0,1,1,1,0,2,2,0,1,2,0,1,2
"H-008",0,1,0,1,0,2,0,0,2,0,2,1,0,0,0,1,2,0,0,0,0,1,1,0,1,1,0,1,1,0,0,1,0,0,0,1,2,0,1,0,1,2,1,0,1,1,1,1,1,0,0,0,1,2,1,1,2,0,1,0,1,0,0,2,1,1,1,1,0,0,1,2,1,2,1,2,1,1,1,0,0,0,0,2,1,0,2,0,0,2,0,0,0,1,0,0,1,1,0,0,2,1,0,0,1,1,1,0,1,0,1,1,1,2,1,1,2,1,0,2
"H-010",1,1,0,1,0,1,1,0,1,0,1,0,1,1,0,0,2,0,0,0,0,0,2,1,1,1,0,2,1,0,0,2,1,0,0,0,2,0,0,1,0,1,0,0,0,0,1,1,0,0,1,2,1,2,1,1,2,0,0,1,1,0,0,1,2,0,1,1,0,1,1,1,1,2,1,1,1,1,2,1,0,1,1,1,2,0,1,0,0,1,0,1,1,1,0,0,1,0,2,1,2,1,0,1,2,0,0,0,1,1,0,0,1,2,0,0,2,0,1,2
"H-020",1,1,1,1,0,1,0,0,1,0,2,1,1,0,0,2,2,1,0,1,0,1,1,0,0,0,0,1,1,1,0,2,1,0,1,2,2,0,1,0,1,2,1,0,1,1,0,1,1,0,0,0,1,2,1,0,2,1,0,1,1,0,0,2,2,2,0,1,0,2,1,2,0,2,1,2,1,1,1,0,0,0,1,2,0,0,2,0,0,2,0,0,0,0,0,0,1,2,1,1,2,0,1,0,2,1,1,0,1,0,1,0,1,2,0,1,2,1,1,2
"H-021",1,1,0,0,0,1,0,1,1,1,2,0,1,1,0,1,2,0,0,0,1,0,1,0,0,2,0,2,0,0,0,2,0,0,2,0,2,0,1,1,1,1,0,0,0,0,1,0,0,0,1,2,1,2,1,1,1,0,2,0,1,0,1,2,2,2,2,1,0,1,1,1,0,2,2,1,0,0,1,0,1,0,0,1,2,0,2,1,0,2,0,0,0,1,0,0,1,2,2,0,1,1,1,0,2,0,1,1,1,2,0,0,1,2,2,0,1,0,2,1
"H-022",1,2,1,2,0,1,0,1,0,0,2,0,2,1,0,1,2,0,0,0,0,1,1,1,1,0,0,2,0,1,0,1,1,0,1,1,2,0,0,1,1,2,0,0,0,0,0,1,0,1,1,1,1,2,1,1,2,0,1,1,2,0,0,2,2,1,0,1,0,2,1,1,1,2,0,2,1,1,1,0,0,1,0,0,1,1,1,2,0,2,0,1,0,1,1,1,1,0,0,0,0,1,1,0,2,0,0,0,1,2,1,0,1,1,0,0,2,1,0,2
"H-023",1,1,0,0,1,1,1,2,2,1,2,0,2,1,0,1,1,1,1,0,1,1,0,1,1,1,0,2,1,0,2,2,0,1,1,1,1,1,1,1,1,1,1,0,1,0,1,1,1,0,2,1,1,2,1,0,2,0,1,1,0,0,0,1,2,2,0,1,0,1,0,1,0,2,1,2,1,1,2,0,0,0,0,1,0,0,1,0,0,1,0,0,0,1,1,0,0,0,0,1,2,2,0,0,1,0,0,1,1,1,1,0,0,2,1,1,2,0,0,1
"H-025",0,1,1,0,0,1,0,1,0,0,2,0,1,1,1,1,2,1,0,0,1,1,1,1,1,0,0,2,1,0,0,2,1,1,1,0,1,0,0,1,2,1,0,1,0,0,0,1,1,1,1,1,1,2,0,2,1,0,0,1,1,0,0,0,1,1,0,1,0,2,1,1,0,2,1,2,1,2,1,0,0,0,1,0,2,0,1,1,1,2,0,1,1,1,0,0,1,0,1,0,0,1,0,0,2,1,2,0,1,0,1,0,1,2,0,0,1,0,0,1
"I-001",1,0,1,1,0,1,1,1,1,0,2,1,0,0,1,1,2,1,0,1,1,1,2,1,0,2,0,2,1,1,1,1,1,1,2,0,0,0,1,1,0,1,0,1,0,0,0,0,1,1,1,1,2,2,1,1,2,1,0,0,2,1,0,2,1,2,1,1,1,2,1,2,1,1,2,2,0,0,2,1,0,1,0,1,0,1,2,0,1,2,0,0,2,1,1,0,2,1,0,1,1,1,1,0,2,2,1,0,1,1,1,1,1,1,0,0,1,1,0,1
"J-001",1,0,0,0,1,1,1,-1,0,1,0,0,2,0,0,1,1,1,1,0,1,1,0,2,2,1,0,1,1,0,2,2,0,0,1,1,1,2,1,1,1,2,1,0,1,1,0,1,1,0,0,0,1,2,0,1,2,1,2,1,2,0,0,2,2,1,1,1,0,1,1,2,0,2,1,2,1,1,1,0,0,0,1,1,0,1,0,0,1,2,1,0,0,0,0,1,0,0,0,1,0,2,1,0,2,0,2,2,1,2,1,0,0,2,0,0,2,1,1,2
"J-003",1,0,0,1,0,1,0,1,1,0,2,0,1,1,0,0,2,0,1,0,1,1,2,0,0,0,1,2,1,1,0,2,1,1,2,1,1,1,1,0,1,2,1,1,0,0,1,0,0,0,2,2,1,2,1,1,1,0,2,0,1,0,0,2,1,0,1,1,0,0,1,2,0,1,2,2,1,0,1,0,0,0,1,0,0,0,0,1,0,1,0,2,1,1,1,0,2,0,1,0,1,1,1,0,2,0,1,1,1,1,2,0,0,2,1,1,2,0,2,1
"J-004",1,2,0,1,0,1,0,2,0,1,2,0,2,0,0,2,2,0,0,0,0,1,1,1,1,1,0,2,1,0,1,2,1,0,2,1,2,1,0,1,1,1,0,1,1,0,1,1,0,1,1,1,1,2,0,1,2,0,1,0,1,0,1,2,1,0,1,1,0,2,1,2,0,1,1,2,2,1,1,0,1,1,1,1,1,0,1,1,0,1,2,1,0,0,1,0,0,0,1,1,2,0,1,1,2,1,2,0,1,2,1,0,2,2,0,0,2,0,2,2
"M-001",1,2,0,1,0,1,0,1,0,0,1,0,2,0,0,2,2,0,0,0,0,1,1,1,1,1,0,2,1,0,0,2,1,0,2,1,2,0,0,1,2,1,0,0,0,1,0,1,0,0,2,0,1,2,0,1,2,0,1,1,1,0,1,2,1,1,1,1,0,2,1,1,0,2,1,2,1,1,2,1,0,0,0,1,1,1,2,0,0,2,0,0,0,1,0,0,0,0,2,1,1,2,1,0,2,1,1,0,1,2,0,0,1,2,1,0,1,1,1,1
"M-002",0,1,1,0,0,1,0,2,0,0,2,0,0,0,1,1,2,0,1,0,1,2,1,0,1,1,0,1,0,0,0,2,0,2,2,0,0,0,0,1,1,0,0,2,0,0,0,0,0,0,2,1,0,2,0,1,2,1,1,0,1,1,0,2,0,2,1,1,0,2,1,2,0,1,2,2,1,1,1,1,1,0,2,1,2,0,2,1,1,2,0,0,1,1,0,0,1,0,1,0,1,0,1,0,2,0,2,0,1,1,0,0,0,2,1,0,1,0,1,1
"M-003",0,0,1,1,0,1,2,0,2,1,1,0,0,1,1,0,2,1,0,0,1,1,2,1,0,2,0,2,0,1,2,1,1,0,1,0,1,0,1,1,1,0,0,0,1,1,1,1,0,1,1,1,1,2,1,0,2,1,2,1,2,1,0,1,2,1,1,1,1,1,1,2,1,2,1,2,1,0,0,1,1,1,0,1,2,1,2,2,0,1,0,1,0,1,0,0,0,0,1,1,1,1,1,1,2,0,2,0,1,1,0,0,0,2,1,0,2,0,0,1
"M-004",0,1,0,0,1,1,0,1,0,0,1,0,1,0,0,1,2,1,1,0,0,1,1,0,1,2,1,2,0,0,0,2,0,1,1,1,0,0,1,0,1,2,0,0,0,0,1,1,1,2,1,1,1,2,1,0,2,0,0,1,0,0,0,1,2,2,1,1,0,1,1,1,0,2,1,1,1,1,2,0,0,0,0,1,2,0,1,1,1,1,0,0,0,1,0,1,1,0,0,0,2,2,0,0,2,0,1,0,1,2,2,1,2,2,0,0,2,0,0,1
"M-005",1,0,1,0,0,1,0,1,1,0,1,1,0,1,0,0,2,0,0,0,0,1,0,0,0,2,0,2,0,0,0,2,1,0,1,1,2,0,0,1,0,1,0,0,0,1,0,1,0,1,1,2,1,2,0,0,2,0,2,1,1,0,0,0,2,0,1,1,0,2,1,1,1,2,0,2,0,0,2,0,0,0,1,2,1,0,0,0,0,2,0,0,0,1,0,0,2,0,2,0,0,0,1,0,2,0,2,0,1,1,0,0,0,2,0,0,2,0,1,2
"M-006",1,1,0,1,0,1,0,2,0,0,0,0,1,0,0,2,2,0,0,0,1,1,1,2,1,1,0,1,1,0,1,1,0,2,2,1,1,0,0,0,0,0,0,1,0,1,0,1,0,0,1,1,1,1,0,0,1,0,2,0,2,0,0,2,1,1,0,1,0,2,1,2,1,1,0,0,1,1,2,0,1,0,0,0,0,2,1,0,2,2,1,0,1,1,1,0,1,0,0,1,1,2,1,0,2,1,1,1,1,2,1,1,0,1,0,0,1,1,0,2
"M-007",0,1,1,1,0,1,0,1,0,0,2,0,1,1,0,1,2,1,0,0,0,1,2,1,1,2,1,2,0,1,0,1,0,0,1,0,1,0,0,0,2,2,0,1,1,0,1,1,0,1,2,2,1,2,0,0,2,0,1,1,1,0,0,1,0,0,1,1,0,2,1,1,0,1,1,2,0,1,2,0,0,0,0,2,0,0,2,0,0,2,0,0,0,1,1,0,0,0,1,0,2,2,1,0,1,0,2,1,1,2,2,2,0,1,0,1,2,0,1,2
"M-008",0,2,1,0,0,1,0,2,1,0,2,0,1,1,1,1,2,0,0,0,2,1,1,2,0,0,0,2,0,0,1,1,1,1,2,0,0,1,0,1,2,0,0,1,0,0,0,1,1,1,0,1,1,2,0,2,0,1,1,1,1,0,0,1,1,1,0,1,0,0,1,2,1,2,1,1,1,2,2,0,1,0,1,1,2,0,1,0,0,2,1,0,0,1,1,0,0,0,1,1,0,2,1,0,2,1,2,0,1,2,1,0,0,2,1,0,1,0,2,1
"M-009",0,1,1,0,0,1,0,1,1,1,0,0,1,0,1,1,2,0,0,0,0,1,2,0,0,1,0,2,0,0,0,2,1,1,1,0,1,0,0,0,1,2,0,0,0,0,0,1,1,2,0,0,1,2,0,2,1,0,2,0,1,0,1,0,0,2,0,1,0,2,1,2,0,1,2,1,1,2,2,1,0,0,0,1,2,1,1,2,0,2,0,0,0,1,1,0,0,0,2,1,0,2,0,0,2,0,2,0,0,1,1,1,0,2,1,0,2,0,1,1
"M-010",0,0,0,1,0,1,0,1,0,1,1,0,1,0,0,1,2,0,0,0,0,1,1,0,0,2,0,2,0,0,0,1,0,0,1,0,2,0,0,0,2,2,0,1,1,0,1,1,1,1,2,1,1,2,0,0,2,0,0,1,0,0,1,2,1,0,1,0,0,2,1,1,0,2,1,1,0,1,2,0,0,0,0,1,2,0,1,1,0,2,0,0,0,1,0,1,0,0,0,0,1,1,1,0,2,0,1,0,0,2,1,1,1,2,1,0,2,0,1,2
"M-011",1,1,1,0,0,1,2,0,2,1,1,0,0,0,1,0,2,0,0,0,1,1,2,2,0,2,0,2,1,2,1,2,0,1,1,0,1,0,1,1,0,2,0,0,0,0,0,1,0,1,1,1,1,2,1,0,2,0,1,1,1,1,0,2,2,1,2,0,1,1,1,2,0,2,2,1,1,1,1,1,0,2,1,1,1,1,1,0,0,1,0,1,0,0,0,0,0,0,1,0,2,1,1,1,2,0,1,0,1,0,0,0,1,2,0,0,2,0,0,1
"M-017",1,0,0,2,1,2,1,0,0,1,1,0,1,1,0,0,1,0,2,0,1,1,1,2,1,1,1,2,0,0,0,2,0,1,1,1,1,0,2,0,1,2,1,0,0,1,0,0,1,1,0,2,1,2,0,1,2,0,0,1,0,0,0,1,1,0,1,0,0,0,1,2,0,1,1,0,0,2,2,0,1,0,0,1,2,0,2,1,0,2,0,0,1,1,1,0,1,0,1,1,2,2,1,0,2,0,2,1,0,2,1,1,0,2,0,0,2,0,2,2
"M-018",1,0,0,1,0,1,0,0,0,0,2,0,1,0,0,1,2,1,1,0,0,1,1,0,1,0,1,1,0,0,0,2,1,0,2,2,2,0,1,1,1,2,1,0,0,2,0,1,1,0,0,1,1,2,0,0,2,0,0,2,0,0,0,2,1,0,1,1,0,1,1,2,0,1,1,2,1,2,2,0,1,0,0,2,1,0,2,2,0,2,0,0,0,0,1,0,0,0,0,1,2,2,1,0,2,1,0,1,0,2,2,2,1,1,0,0,2,0,0,2
"M-019",1,2,0,1,0,1,0,2,0,2,0,0,1,0,0,1,2,0,0,1,0,1,0,2,1,1,0,2,0,0,1,2,1,0,2,0,2,1,0,0,1,1,0,1,0,0,1,1,1,2,1,1,1,2,0,1,1,1,0,0,1,1,1,1,1,2,0,1,0,2,1,1,0,1,1,2,1,1,1,1,0,1,1,1,1,0,1,1,0,1,2,1,0,1,1,0,0,0,0,1,2,0,0,1,2,1,2,0,1,2,1,0,2,2,0,0,2,0,2,2
"M-020",0,1,1,0,0,1,0,0,2,0,1,1,0,0,0,0,2,0,0,0,0,2,1,1,0,2,0,2,0,1,2,2,0,0,1,1,0,0,0,1,0,1,0,1,0,1,1,1,1,0,0,1,1,1,1,0,2,0,2,0,0,0,1,2,0,2,2,1,0,1,1,2,0,1,2,2,0,1,2,0,1,0,2,1,2,0,1,0,0,1,1,0,0,1,1,1,0,0,1,0,2,2,1,0,1,1,2,0,1,1,1,1,0,2,1,1,2,1,1,1
"M-022",0,2,0,0,0,1,0,0,1,0,1,0,0,0,0,0,2,0,0,0,0,2,1,0,1,2,0,2,1,0,1,2,0,0,1,1,1,0,0,1,1,2,0,0,0,0,0,0,0,1,2,2,1,2,0,0,2,0,1,1,1,0,1,0,2,0,1,1,0,1,1,1,0,2,0,1,1,2,1,1,0,0,1,1,2,1,1,0,0,2,1,0,0,1,0,0,0,0,0,1,1,2,0,0,2,0,2,0,1,2,1,1,0,2,0,0,2,1,0,2
"M-023",1,1,1,1,0,1,0,2,0,0,0,0,0,0,0,0,2,0,2,0,0,1,1,0,1,2,1,1,0,0,0,1,0,2,2,0,0,0,0,1,1,2,0,1,0,0,0,1,0,0,2,1,1,2,0,0,2,0,1,1,1,1,0,1,0,2,1,1,0,2,1,2,1,1,2,1,0,1,2,1,1,0,0,0,2,1,1,1,0,2,0,0,0,1,0,0,0,0,1,1,0,0,1,0,2,0,2,0,0,0,0,1,0,2,1,0,2,0,2,1
"M-024",0,1,1,1,0,2,1,2,1,1,2,1,0,1,0,1,2,0,0,0,0,1,2,2,0,1,0,2,0,0,0,2,1,1,1,0,1,0,0,0,1,1,0,1,0,0,0,1,0,2,2,1,1,2,0,0,2,0,1,0,1,0,0,1,1,2,0,1,0,1,1,1,0,2,2,1,1,1,1,0,0,1,2,0,2,0,1,0,1,2,0,0,0,1,0,0,0,0,1,0,1,1,1,0,2,0,1,0,1,1,0,0,0,2,0,0,2,0,1,1
"M-025",1,1,0,0,2,1,1,0,0,1,1,0,2,2,0,1,1,1,2,0,1,1,0,0,2,2,1,2,1,0,1,2,0,0,1,0,0,1,2,1,0,1,2,1,0,0,0,1,0,1,1,2,1,2,0,2,1,0,2,0,1,0,0,1,2,1,0,1,0,2,1,2,1,2,2,1,0,2,2,0,0,0,0,1,2,0,0,2,0,2,0,1,1,1,0,1,1,0,1,0,0,0,0,0,2,0,0,0,1,1,2,0,1,2,0,0,2,0,0,2
"M-026",1,1,0,0,0,1,0,0,1,0,1,0,0,0,0,0,2,0,0,0,0,2,1,0,1,2,0,1,0,0,1,2,0,0,1,1,1,0,0,1,1,2,0,0,1,1,0,1,0,1,1,1,1,2,0,2,2,0,0,0,0,0,1,1,2,0,2,1,0,0,0,2,0,2,1,1,2,2,2,1,0,0,0,0,1,0,1,1,0,2,1,0,1,1,0,0,1,0,1,1,2,1,1,1,2,1,1,0,1,2,0,1,1,2,0,0,2,0,0,2
"M-027",1,0,0,0,0,1,0,1,1,0,0,0,0,0,0,0,2,0,2,0,0,1,1,1,0,1,2,2,1,0,0,2,1,2,2,1,1,0,1,1,1,1,1,0,0,0,0,2,1,1,2,1,1,2,0,1,0,0,0,0,2,0,0,1,1,1,1,1,0,1,1,2,1,1,1,1,0,2,2,1,0,0,1,1,2,0,1,1,1,2,0,0,0,1,0,0,0,0,2,1,0,2,1,0,2,0,2,0,1,1,0,0,0,2,0,0,1,0,0,1
"M-028",0,0,0,1,1,1,0,0,1,0,2,0,1,1,0,1,2,0,1,0,0,1,2,0,1,2,1,2,1,0,0,1,1,0,2,1,0,0,1,1,0,1,0,0,0,0,1,1,0,1,2,1,1,2,1,0,2,0,1,0,0,0,1,1,2,0,1,0,0,1,1,0,0,2,2,0,1,2,2,0,0,0,2,2,1,0,2,0,0,2,0,0,0,1,1,0,0,0,0,0,2,2,0,0,0,0,1,0,1,0,2,2,0,2,0,2,2,0,2,2
"M-029",1,0,0,2,0,1,0,0,0,0,2,0,0,1,0,0,2,0,1,0,1,1,1,0,2,0,1,2,0,0,0,1,1,0,2,1,1,0,2,0,2,2,1,0,0,0,0,1,0,1,1,2,1,2,0,0,1,0,0,1,0,1,0,1,1,1,0,1,1,2,1,0,0,2,0,2,0,2,2,1,0,0,0,2,1,0,2,2,0,2,0,0,0,1,0,1,0,0,0,1,2,2,0,0,2,0,1,0,1,2,2,2,1,1,0,0,2,0,0,2
"M-030",1,1,1,0,0,1,0,1,1,0,0,1,0,1,0,0,2,0,0,0,0,2,0,0,0,2,0,2,1,1,0,2,0,0,1,1,2,0,0,1,0,0,0,0,0,0,0,1,0,1,1,2,1,2,0,1,2,0,1,1,2,0,0,0,2,1,1,1,0,1,1,2,1,2,1,1,1,1,1,0,0,0,1,1,1,1,0,1,0,2,0,1,2,1,0,0,1,0,2,1,1,1,1,0,2,0,2,0,1,1,1,1,0,2,0,0,2,0,0,1
"M-032",1,0,0,0,0,1,0,1,1,0,0,0,0,0,0,0,2,0,0,0,0,1,0,0,0,2,1,2,0,0,0,2,0,1,0,1,2,1,1,1,0,0,1,0,0,0,0,0,1,1,0,2,2,1,0,0,2,0,2,1,0,0,0,2,2,1,1,1,0,2,1,2,0,2,2,2,0,1,2,0,0,0,1,2,2,0,1,0,0,2,0,0,0,1,0,0,1,0,2,1,1,2,1,0,2,0,2,1,0,2,0,1,0,2,0,0,2,0,2,2
"M-033",1,1,0,1,0,1,1,0,0,0,2,1,0,0,0,1,2,1,0,0,0,1,2,0,2,1,1,1,1,0,0,1,1,0,1,0,1,0,1,1,1,1,1,0,1,0,0,1,0,1,0,1,1,2,0,0,2,0,1,0,1,0,0,1,1,0,2,1,0,1,1,1,0,1,2,1,2,1,2,1,0,0,0,2,1,1,1,2,0,2,0,0,1,1,2,0,0,0,2,1,2,2,1,0,2,1,1,0,1,0,0,2,0,1,0,2,2,0,0,1
"M-034",1,1,0,1,1,1,1,0,0,1,1,0,2,1,0,0,0,1,0,-1,1,1,1,0,0,1,0,2,1,0,0,2,0,0,0,0,2,0,1,1,1,2,1,0,0,0,1,1,0,1,0,2,1,2,1,1,2,0,1,1,0,0,0,1,2,1,1,1,0,1,1,1,0,2,1,2,1,1,1,0,0,0,1,1,1,0,2,1,0,2,0,0,1,1,0,0,2,1,2,1,2,1,0,0,2,0,1,0,1,1,0,0,0,2,1,0,2,1,2,2
"M-035",1,2,1,2,0,2,0,0,0,0,2,1,0,0,0,0,1,0,1,0,0,0,1,1,0,0,1,0,0,1,0,0,1,0,1,2,1,0,1,1,2,2,2,0,1,1,1,1,0,0,1,0,1,2,1,0,2,0,0,1,1,0,0,1,1,1,0,1,0,1,1,1,1,2,1,2,1,2,1,0,0,1,1,2,1,0,1,0,0,0,0,2,0,1,0,0,0,0,1,0,1,0,1,2,2,1,0,0,0,1,1,0,1,2,0,0,2,0,1,2
"M-036",0,2,1,1,0,1,0,1,0,1,2,1,0,1,0,0,2,0,0,0,0,2,1,1,0,1,0,2,0,1,1,2,0,0,1,1,1,0,0,1,0,1,0,1,0,0,0,1,0,0,0,1,1,2,0,1,2,0,2,1,2,0,1,1,0,1,0,1,0,2,1,1,1,1,0,2,1,1,1,0,0,0,1,0,0,1,0,0,0,2,0,1,1,1,2,0,1,0,0,1,0,1,0,0,2,0,2,2,1,2,0,0,0,2,1,0,1,0,2,2
"M-037",0,1,0,2,0,1,0,1,0,0,1,0,2,1,0,0,2,0,0,1,0,1,0,1,1,0,0,2,0,1,0,2,1,0,0,0,2,0,0,0,1,2,0,0,0,0,1,0,0,1,1,2,1,2,1,0,2,0,2,0,0,1,0,2,1,2,1,0,0,1,1,2,0,1,1,2,1,1,2,1,0,1,1,2,1,0,1,2,0,1,0,1,0,1,1,0,0,0,0,0,2,1,1,1,2,1,2,0,1,2,2,1,0,2,0,0,2,0,1,2
"M-038",1,1,0,0,1,2,1,0,1,0,2,1,1,1,0,1,1,-1,1,1,1,1,1,0,1,1,0,2,1,0,0,2,0,1,0,2,1,0,1,1,2,0,1,0,1,0,1,0,0,1,2,0,1,2,1,0,2,1,1,0,2,1,0,1,0,2,1,1,1,0,1,1,1,2,1,2,1,1,0,1,0,0,0,2,1,0,2,2,0,1,0,1,0,0,0,0,1,1,0,1,1,0,0,1,2,2,2,0,1,2,0,0,2,2,0,0,2,1,2,2
"M-039",1,1,0,1,0,1,0,0,1,0,2,0,0,0,0,1,2,0,0,0,0,1,2,1,1,2,1,1,1,0,0,2,0,0,2,1,0,1,0,1,0,2,0,0,0,1,1,1,0,1,0,0,1,2,1,0,0,1,2,0,1,1,1,2,1,1,2,1,1,1,1,1,0,2,2,2,1,0,1,1,1,1,1,0,1,2,1,0,1,2,2,0,0,1,1,0,0,0,1,0,0,2,0,0,2,1,1,1,1,2,0,0,1,2,1,0,2,1,1,2
"M-040",1,0,0,2,0,2,0,0,0,0,2,0,0,0,0,0,2,0,1,0,0,1,1,1,1,1,1,2,0,1,1,2,0,2,1,1,2,0,1,1,0,2,0,0,0,1,0,0,0,1,0,2,1,2,0,0,2,1,0,0,1,0,0,2,1,2,2,0,0,1,1,2,0,1,2,0,1,1,2,0,1,1,0,2,2,0,0,2,0,1,0,1,0,1,2,2,0,0,0,1,2,1,1,1,2,0,1,1,0,2,1,0,1,2,0,0,2,0,1,2
"M-041",1,1,0,0,2,1,0,0,0,0,2,0,1,0,0,2,2,1,1,0,0,1,2,0,2,2,1,2,1,0,0,2,1,0,2,0,0,0,1,1,0,2,0,1,0,0,0,1,0,1,1,1,1,1,0,2,1,0,2,0,1,1,0,0,2,0,1,1,0,2,1,2,1,2,2,2,1,1,1,1,0,0,0,1,1,0,1,1,0,2,0,1,1,1,1,0,1,0,1,0,0,1,0,0,1,0,0,1,1,1,2,1,1,2,0,0,2,0,0,2
"N-001",1,1,1,0,0,1,1,1,1,1,1,0,0,0,1,0,2,1,0,1,2,1,1,2,0,2,0,1,0,1,1,1,0,0,2,0,0,0,2,0,2,2,0,0,1,1,1,0,0,1,1,0,1,2,2,0,2,1,2,0,2,1,0,1,2,2,0,1,0,1,1,2,1,2,1,1,1,1,1,1,1,1,0,1,1,1,2,0,0,2,0,0,0,1,0,0,1,1,1,0,1,2,1,0,2,1,0,1,1,1,0,0,1,2,0,0,2,1,2,2
"N-002",0,0,0,0,0,2,0,0,2,0,1,1,0,1,0,2,2,1,1,0,0,1,1,0,1,0,0,2,1,0,0,2,1,1,0,1,2,0,1,1,1,1,1,0,1,0,1,1,0,1,2,1,1,2,1,0,2,1,1,0,1,0,0,0,1,1,2,1,0,0,1,0,0,2,2,1,1,1,1,0,0,0,0,1,2,0,2,0,0,2,0,0,1,1,0,0,2,1,1,1,2,0,1,0,2,2,2,0,0,1,1,0,2,2,0,0,2,1,1,2
"N-003",1,0,1,0,0,1,0,1,0,0,2,0,1,1,0,1,2,1,1,0,0,1,1,2,0,0,1,2,1,2,0,2,0,1,2,1,2,0,1,0,1,2,1,0,0,0,0,1,1,1,1,2,1,2,0,1,1,0,1,1,0,0,0,1,1,1,1,1,0,1,1,0,0,2,1,1,0,2,2,0,0,0,0,1,2,0,2,1,0,2,0,0,1,1,0,1,1,0,1,1,2,2,1,0,2,0,1,0,0,2,1,1,1,1,0,0,2,0,1,2
"N-004",1,1,0,1,0,1,0,0,1,1,1,0,0,0,0,0,2,0,1,0,1,1,1,0,2,1,1,1,0,0,0,2,1,0,2,1,1,0,2,0,1,2,0,0,0,1,1,1,1,1,2,0,1,2,1,0,2,0,2,1,0,0,0,1,2,0,1,1,0,1,1,0,0,2,1,2,1,1,2,0,0,1,0,2,0,0,1,1,0,1,0,1,0,1,1,0,0,0,0,1,2,1,1,1,1,1,0,1,1,1,2,1,1,2,0,1,2,0,1,2
"N-005",1,2,0,2,0,1,0,0,0,0,2,0,1,0,0,1,2,0,1,0,0,1,1,2,1,1,1,1,0,1,1,2,0,1,2,2,2,1,1,1,1,1,1,0,1,1,0,1,0,2,1,1,1,1,0,0,2,0,2,0,0,1,0,1,2,1,2,0,1,2,1,1,0,2,2,2,1,1,1,1,1,0,2,2,1,0,2,1,0,2,1,0,0,1,0,0,0,0,0,1,2,2,1,0,1,1,1,0,0,1,1,1,1,2,0,1,2,0,1,2
"N-006",0,0,1,1,0,1,0,0,1,0,1,1,0,0,0,1,2,0,0,0,0,1,2,1,1,2,1,2,1,1,1,2,0,0,2,1,0,1,0,1,1,2,0,0,0,1,1,1,1,1,1,2,1,2,1,0,1,0,1,1,0,0,1,2,1,0,1,1,0,1,1,0,0,1,1,2,1,1,2,0,1,0,0,1,2,1,1,0,0,1,0,0,0,1,1,0,1,0,0,1,2,2,0,0,2,0,1,2,1,1,0,0,1,2,0,1,2,0,1,1
"N-007",1,2,1,1,0,2,0,1,0,0,2,0,0,0,0,0,2,0,0,0,0,1,1,0,0,1,0,2,0,1,1,2,1,1,0,0,1,0,0,1,0,1,0,0,0,0,0,0,0,2,2,2,1,1,0,1,2,0,2,1,1,0,0,2,2,1,1,1,0,2,0,1,0,2,1,2,1,2,1,1,1,0,0,0,1,0,1,2,0,2,0,1,1,1,0,0,1,0,1,1,1,1,1,0,2,1,1,0,0,2,2,0,2,2,1,0,2,0,1,2
"N-008",0,1,1,1,0,2,0,1,0,0,2,0,0,0,1,1,2,0,1,0,1,1,1,1,0,0,1,2,1,1,0,2,1,2,2,1,1,0,1,1,1,0,1,0,0,1,0,1,0,2,1,1,1,2,0,1,2,0,0,0,1,0,0,1,1,1,1,1,0,1,1,2,0,2,2,1,1,0,1,0,0,1,1,0,2,0,2,1,1,2,0,0,0,1,0,0,0,0,2,1,1,2,1,0,2,0,2,0,1,1,1,0,0,2,0,0,1,0,0,0
"N-009",1,1,0,1,0,1,0,0,1,0,1,0,1,0,0,0,2,0,0,0,0,1,1,0,1,1,0,1,0,0,0,2,1,0,0,0,2,0,0,0,1,2,0,0,0,2,0,1,0,1,0,1,1,2,0,1,2,0,0,1,0,0,0,1,1,0,1,1,0,1,1,2,0,1,2,1,1,2,1,0,1,0,0,1,1,0,1,1,0,2,0,1,1,0,1,0,1,0,1,0,1,1,1,0,2,0,1,2,0,2,2,2,0,2,0,0,2,0,2,2
"N-010",1,0,1,0,0,1,2,1,2,1,1,0,0,1,1,0,2,1,0,0,1,0,2,0,0,2,0,1,1,1,1,1,0,0,1,0,1,0,1,1,0,1,0,0,0,1,0,1,0,2,1,2,1,2,1,1,2,0,1,1,2,1,0,1,1,2,1,1,1,2,1,2,1,1,1,1,1,0,1,1,1,1,0,1,2,1,0,2,0,1,0,2,1,1,0,0,0,0,1,1,1,0,1,1,2,0,1,0,1,1,0,0,0,2,1,0,2,0,0,2
"N-011",1,0,0,0,0,1,1,2,-1,1,2,1,2,0,0,2,1,0,0,0,0,1,1,0,0,1,0,1,0,0,1,1,0,1,2,1,1,0,0,0,2,1,0,1,0,2,1,1,0,1,0,1,1,2,0,0,1,0,1,1,0,0,0,2,1,0,1,1,0,1,1,1,1,2,0,1,1,1,1,0,1,0,0,2,1,0,2,0,1,2,2,0,1,1,0,0,0,0,0,0,1,2,1,0,1,0,2,1,1,0,1,1,0,2,0,1,2,0,1,2
"N-012",1,1,0,0,1,1,1,1,0,1,2,0,2,1,0,1,1,1,1,1,1,1,0,1,1,1,0,2,0,0,1,2,0,1,1,1,1,0,1,1,1,2,1,0,0,0,0,1,0,1,2,0,1,1,1,0,0,1,1,1,1,0,0,0,1,2,0,1,0,2,1,1,0,2,1,2,1,1,2,0,0,1,1,2,2,1,1,1,0,1,1,1,0,1,0,0,0,0,0,1,2,1,1,1,2,0,2,0,1,1,0,0,1,2,1,1,2,0,0,2
"N-013",1,1,0,1,0,1,0,0,1,0,1,0,0,0,0,0,2,0,0,0,0,2,1,0,2,2,0,1,1,0,1,2,1,0,1,1,1,0,0,0,2,2,0,0,1,1,0,1,0,1,1,1,1,2,0,1,2,0,1,1,0,0,1,0,2,0,1,1,0,1,0,2,0,2,0,2,1,2,2,1,0,0,0,1,1,0,1,0,0,2,1,0,0,1,0,0,0,0,1,0,2,1,1,1,2,1,1,0,1,2,1,2,1,2,0,0,2,0,0,2
"N-018",0,1,1,2,0,1,0,1,0,1,2,0,1,1,0,1,2,0,0,0,1,1,0,1,0,1,0,2,1,1,0,1,1,0,2,1,1,0,1,0,1,2,0,0,0,0,1,1,0,2,0,1,1,2,1,0,1,0,1,0,0,1,0,2,1,2,1,1,0,1,1,0,0,2,2,2,1,0,1,1,1,1,2,1,1,0,0,1,0,1,1,1,1,0,1,0,0,0,2,0,1,1,1,1,2,2,1,0,1,1,1,0,1,2,0,0,2,0,0,2
"N-019",1,1,0,1,0,1,1,1,0,1,1,0,1,0,0,0,2,0,1,0,0,1,0,0,1,2,1,2,1,0,0,2,0,2,2,1,0,0,0,1,1,2,1,0,0,0,0,1,1,2,1,0,1,2,0,1,1,0,2,0,0,0,0,1,0,2,0,1,0,2,0,2,0,1,1,1,0,2,1,1,1,0,1,0,1,1,2,0,0,1,1,0,0,1,0,0,0,0,2,1,0,1,0,1,2,0,2,1,0,0,0,0,2,2,1,0,1,1,0,0
"N-020",1,0,0,0,0,1,0,1,2,0,2,1,1,1,0,2,2,1,0,1,0,0,1,2,0,0,0,0,1,0,1,2,0,2,1,2,2,0,1,1,1,1,1,0,1,1,2,0,1,0,1,1,1,2,2,0,1,1,2,0,1,0,0,2,1,2,2,1,0,0,1,2,0,1,2,2,1,0,1,0,1,1,1,2,0,0,1,0,1,1,1,1,0,0,0,0,1,1,0,0,2,0,1,1,2,0,1,1,1,1,1,0,0,2,0,0,2,1,0,2
"N-021",0,0,0,0,0,2,2,0,1,1,1,1,0,0,0,0,2,0,0,0,0,0,1,0,0,1,0,2,1,1,0,2,0,0,0,0,2,0,1,0,0,2,1,0,0,1,0,1,0,1,0,2,1,2,0,0,2,0,2,1,0,0,0,0,1,2,2,1,0,1,1,2,1,1,1,1,1,1,2,0,1,0,1,1,2,0,0,0,1,2,0,0,0,1,0,0,2,0,2,0,0,1,1,0,2,0,1,0,1,1,0,0,1,2,1,0,2,0,0,2
"N-022",1,1,0,0,1,2,1,2,0,1,1,1,1,0,0,0,1,1,1,0,1,1,1,1,2,2,0,2,1,0,1,2,0,0,0,0,1,1,0,0,0,1,1,1,0,0,1,1,0,0,2,0,1,2,1,0,1,0,1,1,1,0,0,1,0,0,1,1,0,1,1,2,1,2,1,0,1,2,2,1,0,0,2,0,2,0,0,0,0,0,2,0,0,1,2,1,1,0,0,1,1,2,0,0,2,2,2,0,1,1,1,0,0,2,2,0,1,0,0,1
"N-023",1,2,0,1,0,1,0,0,0,0,2,0,1,0,0,1,2,0,0,0,0,1,2,0,2,1,1,2,1,0,0,2,2,0,1,0,1,0,0,0,0,2,0,0,1,0,1,1,0,2,2,1,1,2,0,1,2,1,1,0,1,1,0,2,2,1,2,1,1,1,1,0,0,2,2,1,1,1,2,1,0,0,0,1,1,0,1,1,0,2,0,1,1,1,1,0,1,0,2,0,1,1,1,0,2,0,0,1,1,1,1,0,0,2,0,1,2,0,1,2
"N-024",1,1,0,2,0,2,0,0,1,0,0,0,0,0,0,0,2,0,1,0,0,1,0,0,0,1,0,2,1,1,0,2,0,1,1,1,2,0,1,1,1,2,0,0,0,1,0,1,0,0,0,2,2,2,0,1,2,0,0,1,0,0,0,1,2,0,1,1,0,1,0,2,0,2,1,2,1,2,2,0,0,0,2,1,2,0,2,2,0,2,0,0,1,0,0,0,1,0,1,1,2,2,1,0,2,0,1,0,0,1,1,1,0,2,0,0,2,0,1,2
"N-025",0,1,1,1,0,1,1,1,0,1,1,0,1,0,0,0,2,0,1,0,0,1,0,0,0,2,1,2,1,0,0,2,1,2,2,2,0,0,0,0,1,1,0,0,0,0,0,2,0,2,2,0,1,2,0,2,2,0,1,0,1,0,0,2,0,2,0,1,0,2,0,2,0,1,0,2,0,2,2,2,1,0,1,0,1,1,2,2,0,2,0,0,0,1,0,0,0,0,2,1,0,2,1,0,2,0,2,1,0,0,1,1,1,2,2,0,1,0,1,0
"N-026",1,1,0,1,0,1,1,0,2,0,2,1,0,1,2,1,2,0,0,0,1,1,2,0,0,1,0,2,1,0,0,2,1,1,1,1,2,0,2,1,1,0,0,0,1,1,2,1,0,0,2,1,1,1,2,0,2,0,2,0,2,0,0,1,1,2,1,1,0,1,1,1,0,2,1,2,1,1,1,0,1,0,0,1,2,0,1,1,0,2,0,0,0,0,0,0,2,2,1,0,1,0,1,0,2,1,2,1,1,1,0,0,0,2,0,0,1,1,2,2
"N-027",0,1,0,1,0,1,0,1,1,0,2,0,2,2,0,0,2,0,1,0,1,1,2,0,1,1,0,2,1,0,0,2,1,0,1,0,0,1,0,0,0,1,0,0,0,0,1,1,0,0,1,1,1,2,1,0,2,1,2,0,1,0,0,2,1,1,1,0,0,1,1,1,0,2,1,2,0,1,1,0,0,1,1,2,2,0,1,1,0,1,0,1,0,1,0,0,1,0,0,1,1,1,1,1,2,0,2,1,1,2,1,0,0,2,0,0,1,0,1,2
"N-028",0,1,1,1,0,1,0,1,0,0,2,0,2,1,0,1,2,0,0,0,0,1,1,1,1,0,0,1,0,1,0,1,1,0,1,1,2,1,0,0,1,2,0,1,0,1,1,1,0,1,0,1,1,2,2,0,2,0,2,0,1,1,0,2,1,1,1,0,0,1,1,2,1,1,1,2,1,1,2,1,0,1,0,2,0,0,1,2,0,1,0,1,0,1,1,0,0,0,0,0,2,1,0,1,2,1,1,0,0,2,2,1,1,1,0,0,2,0,0,2
"N-029",1,0,0,0,2,1,1,0,0,1,2,0,1,0,0,0,1,1,1,0,1,1,0,0,1,2,1,1,0,0,1,2,0,0,1,0,0,1,1,1,0,2,1,0,0,1,0,1,0,1,1,0,1,1,1,1,2,1,1,1,2,1,0,1,2,2,1,1,1,1,1,1,1,2,1,2,1,1,1,1,0,1,0,1,0,1,1,1,0,2,0,0,1,0,0,0,1,0,0,1,0,1,0,0,2,2,0,0,1,2,0,0,2,2,0,0,1,1,1,1
"N-030",0,0,1,1,0,1,0,1,0,0,1,0,0,1,0,0,2,0,0,0,0,1,1,1,0,1,0,2,1,0,0,2,1,0,0,0,2,0,1,0,1,1,0,0,0,0,0,1,0,1,1,2,1,2,1,1,1,0,1,1,1,1,0,2,1,1,1,1,1,2,1,0,1,2,0,2,1,1,1,1,0,1,0,0,2,1,1,1,0,2,1,1,1,1,0,1,1,0,2,0,0,1,1,0,2,0,1,0,1,1,1,0,1,2,0,0,2,1,0,2
"N-032",0,1,1,0,0,0,1,1,2,0,2,0,0,1,1,0,2,0,0,0,2,1,2,1,0,1,0,2,0,1,0,2,0,0,2,0,0,1,1,1,0,1,0,0,1,0,1,0,0,1,2,1,1,2,1,0,2,0,2,0,1,1,0,1,2,2,1,1,1,0,0,2,0,2,1,2,1,1,1,1,1,0,0,1,2,0,1,1,0,0,0,2,0,1,0,0,1,0,0,0,1,1,1,1,2,0,1,0,1,1,1,0,0,2,1,0,2,0,1,1
"N-033",0,1,0,2,0,1,0,2,0,2,1,0,0,1,0,0,2,0,0,0,1,1,1,2,0,2,0,0,1,0,0,1,0,0,1,0,1,0,1,1,2,2,0,0,0,2,0,0,0,1,0,0,1,1,1,1,2,0,2,0,2,1,0,2,2,1,1,1,0,2,1,1,1,2,0,2,1,1,2,1,0,1,0,0,0,0,2,0,0,2,0,0,0,1,0,0,0,0,1,0,0,2,0,0,1,0,0,1,1,1,1,1,0,0,0,2,2,0,0,1
"N-034",0,2,0,0,0,1,0,0,0,0,2,1,0,1,0,0,1,0,1,0,0,1,0,0,0,1,0,2,1,0,0,2,0,1,2,1,2,0,2,1,2,1,1,2,2,0,0,1,0,0,1,1,1,2,0,2,1,1,1,1,2,0,0,2,0,1,1,1,0,1,1,2,0,1,2,2,2,1,1,0,0,0,1,1,1,1,0,0,0,2,0,1,1,1,2,0,2,1,1,0,0,0,1,0,2,0,2,2,1,2,1,0,0,2,1,0,2,1,2,2
"N-035",0,1,0,0,2,1,0,0,1,0,1,0,1,1,0,2,2,0,1,0,0,1,2,1,2,2,2,2,0,0,1,2,1,0,2,0,0,1,1,0,2,2,0,1,0,0,0,1,0,0,1,2,0,2,0,0,2,0,0,1,0,0,0,2,1,0,0,1,0,2,1,2,1,1,0,1,0,2,2,0,0,1,0,1,1,1,2,0,0,2,0,0,0,0,2,1,0,0,2,0,1,2,1,0,0,0,2,2,0,1,1,1,0,2,0,2,2,1,1,2
"N-036",0,2,0,2,0,1,0,0,0,0,2,0,2,0,0,1,2,0,0,0,0,0,1,1,2,0,0,2,-1,0,1,2,1,0,1,1,2,0,0,0,0,2,0,0,0,1,2,1,0,1,0,2,1,2,1,0,1,1,1,0,1,1,0,2,0,1,1,1,1,1,1,1,0,1,2,2,0,0,2,1,1,2,0,2,2,0,0,0,0,0,1,2,0,1,1,1,0,0,0,0,2,0,1,2,0,1,2,0,1,0,2,0,1,1,0,2,2,0,0,2
"N-037",1,1,1,0,0,1,0,0,1,0,2,1,0,0,0,0,2,0,1,0,0,1,2,2,0,1,1,2,1,2,1,2,0,1,2,2,1,0,1,1,0,1,1,0,0,0,0,1,0,0,0,2,1,2,0,1,2,0,2,1,2,0,1,1,2,1,0,1,1,2,1,1,1,2,0,2,1,2,1,0,0,0,1,0,2,0,0,0,0,2,0,1,1,1,0,0,1,0,1,1,0,1,0,0,2,0,1,1,1,2,1,0,1,2,0,0,1,0,2,2
"N-038",1,1,1,0,0,1,0,1,1,1,0,0,0,1,1,0,2,0,0,0,0,1,1,1,0,1,1,2,0,0,0,2,1,0,1,0,1,0,0,1,2,1,0,0,0,0,0,2,0,2,0,0,1,2,0,1,1,0,1,0,0,0,0,2,0,-1,0,1,0,2,1,1,0,1,1,2,2,2,1,1,0,0,1,0,2,0,2,0,1,2,0,0,0,0,1,0,0,0,2,1,0,2,1,0,2,1,2,0,1,2,1,0,1,2,1,0,1,0,1,0
"N-039",0,1,2,2,0,1,1,2,0,0,2,0,1,2,0,0,2,0,1,0,0,1,1,0,0,1,0,1,0,0,0,2,0,1,1,0,1,1,0,1,0,1,1,0,1,0,0,1,0,1,1,1,1,2,0,0,1,2,1,0,1,1,0,2,1,2,1,1,0,2,1,2,0,1,2,2,1,1,2,0,0,0,1,2,2,1,1,0,0,2,0,0,2,0,1,1,1,0,1,1,1,1,1,0,1,1,2,0,1,1,0,1,1,2,1,0,1,0,1,0
"N-040",1,1,0,2,1,2,1,0,1,1,2,1,1,1,0,1,1,1,1,1,1,1,1,1,1,1,0,2,1,0,2,2,0,1,0,1,1,0,2,0,0,1,1,0,0,1,0,0,1,0,0,1,1,0,1,2,2,1,1,0,1,0,0,2,1,2,1,1,0,2,1,1,1,1,2,2,0,1,2,0,1,1,0,1,1,0,2,0,0,2,0,0,2,0,1,0,2,0,2,1,1,1,1,0,2,1,2,1,1,1,0,0,1,2,0,0,1,1,2,1
"N-041",0,0,0,0,1,2,2,2,1,1,0,1,1,0,0,0,1,1,1,1,1,1,1,1,2,2,0,2,0,0,1,1,0,0,0,0,1,1,1,0,1,0,1,2,1,0,1,1,0,0,2,0,1,2,1,1,0,0,1,0,0,0,0,2,0,0,1,1,0,1,1,2,0,2,1,1,2,2,2,1,0,0,0,0,2,0,0,0,0,1,0,0,0,0,2,0,1,0,0,1,2,1,0,1,2,0,2,0,1,2,1,0,0,2,2,0,2,0,0,1
"N-042",0,1,1,1,0,1,0,0,2,0,2,1,0,0,1,1,2,0,0,0,1,1,2,1,0,1,0,2,1,1,1,1,0,1,1,2,1,0,1,1,1,0,0,0,1,1,2,0,0,1,1,2,1,1,1,0,0,0,2,0,0,0,1,1,1,1,1,1,0,1,1,1,0,2,2,2,1,1,1,1,1,0,0,1,2,0,1,1,0,2,1,0,0,1,0,0,2,2,2,0,1,0,1,0,2,0,1,1,1,2,0,0,0,2,0,0,1,1,2,2
"N-043",1,0,0,0,0,2,2,1,1,1,1,1,0,1,0,0,2,0,0,0,0,1,2,1,0,1,0,2,0,1,0,2,0,0,0,0,2,0,1,1,0,0,1,0,0,1,0,2,0,2,1,2,1,2,0,0,2,0,1,1,1,0,0,0,2,0,1,1,0,1,1,2,1,2,2,1,1,1,2,1,0,0,1,2,1,1,0,0,0,2,0,0,1,1,0,0,1,0,2,1,1,2,1,0,2,0,2,0,1,1,0,1,0,2,0,0,2,0,1,1
"N-044",0,2,0,1,0,1,0,0,0,1,2,0,0,0,1,0,2,0,0,0,0,1,2,0,2,2,1,1,0,0,1,1,1,0,1,0,0,1,0,1,2,2,0,0,1,1,1,1,0,1,1,0,1,2,0,0,1,0,1,1,0,1,0,2,2,1,1,1,1,2,1,1,0,2,1,2,1,1,2,1,0,0,1,2,0,0,2,0,0,2,0,0,0,1,1,0,0,0,0,0,2,2,1,0,0,1,0,0,1,0,2,2,1,1,0,1,2,0,0,2
"N-045",0,2,1,1,0,0,0,2,0,2,1,0,0,2,0,0,2,0,0,0,0,1,1,2,1,1,0,2,1,1,1,2,0,0,0,0,2,0,0,0,0,2,0,0,0,0,1,0,0,1,0,1,1,2,0,1,1,1,2,0,2,1,0,2,1,1,1,1,0,2,1,1,1,2,2,2,1,0,1,1,1,1,1,2,1,0,1,0,0,1,1,1,0,1,1,0,0,0,1,1,1,1,0,1,1,1,1,1,1,1,1,0,1,2,0,2,2,0,1,2
"O-001",0,1,0,1,0,1,0,2,0,1,1,0,2,0,0,2,2,0,0,0,0,1,1,1,0,1,0,1,1,0,0,2,0,0,2,1,2,0,0,0,2,1,0,0,0,1,0,0,0,0,2,0,1,2,1,2,2,0,2,0,2,0,1,2,1,1,1,1,0,2,1,1,0,2,1,1,1,1,2,1,0,1,0,0,2,1,2,0,0,2,0,0,0,1,0,0,0,0,2,1,0,2,1,0,2,1,2,0,0,2,0,0,1,2,1,0,1,0,1,1
"O-002",0,2,0,1,0,1,0,0,1,0,2,1,1,0,0,1,2,0,0,0,0,1,1,1,2,1,0,2,1,0,1,2,1,0,2,2,1,1,0,1,2,1,0,1,0,0,0,2,1,1,0,1,1,2,0,1,2,1,2,1,1,1,1,2,1,2,0,1,0,2,1,2,1,1,1,1,1,2,2,1,0,0,0,2,0,0,1,1,1,2,1,0,0,1,1,0,0,0,1,1,1,2,0,0,2,1,2,0,1,1,1,0,0,2,0,1,2,0,2,2
"O-003",1,0,1,0,0,1,1,0,2,0,2,0,0,0,1,0,2,2,0,1,1,1,2,1,0,2,0,1,0,1,1,2,0,0,2,1,0,0,1,1,2,1,0,0,1,1,1,1,1,0,0,0,1,2,1,0,2,1,1,1,1,0,1,2,2,2,1,1,0,1,1,2,0,2,1,2,1,1,1,0,1,0,0,2,0,0,2,0,1,2,1,0,0,1,0,0,1,1,0,0,2,1,0,0,1,1,1,1,1,0,1,1,1,2,0,1,2,1,1,2
"O-004",0,1,1,0,0,2,1,2,1,1,1,0,0,1,1,0,2,0,0,0,1,1,1,2,0,1,0,2,0,1,0,2,1,1,1,0,1,0,0,0,1,1,0,1,0,0,0,1,0,2,1,1,0,2,0,2,2,0,0,0,1,0,0,1,1,2,2,1,0,1,1,2,0,2,2,1,1,1,2,0,0,0,0,0,2,0,1,0,0,2,0,0,1,1,0,0,1,0,1,0,1,1,1,0,2,0,1,0,1,1,1,0,0,2,1,0,2,0,1,2
"O-005",1,0,0,0,0,2,0,0,1,0,1,0,0,0,0,0,2,0,1,0,0,1,1,0,0,1,1,2,0,1,0,2,0,1,1,0,2,0,1,1,0,0,1,0,0,1,0,1,1,1,1,2,1,1,0,1,2,0,2,1,1,0,0,2,1,2,1,1,0,2,1,1,0,1,1,2,1,1,1,0,1,0,0,1,2,0,1,0,0,2,0,1,1,1,1,1,1,0,0,0,1,1,0,0,0,0,1,1,0,0,2,1,1,2,0,1,2,0,2,2
"O-006",1,0,1,0,0,1,1,1,2,0,2,0,0,1,1,0,2,1,0,1,0,1,2,1,0,2,0,1,0,1,1,2,0,1,2,1,0,0,1,1,1,1,0,0,1,1,0,1,1,0,0,0,1,2,1,1,2,1,1,0,2,0,1,2,2,1,0,0,0,2,0,2,1,2,1,2,1,1,2,0,0,1,0,0,0,0,1,0,0,2,0,0,1,0,0,0,1,0,1,1,0,1,1,0,2,2,0,0,1,1,0,0,2,2,0,0,0,1,2,1
"O-007",1,1,1,0,0,1,0,1,0,0,2,0,1,0,1,0,2,1,0,0,1,1,1,1,0,0,0,2,0,0,0,2,1,1,1,0,0,0,0,1,2,2,0,1,0,0,0,1,0,1,1,1,1,2,0,0,1,0,0,1,1,0,0,0,1,0,0,1,0,2,1,1,1,2,1,1,0,2,2,0,0,0,2,1,2,0,1,1,1,2,0,0,0,1,0,0,0,0,2,0,1,1,0,0,2,0,2,0,1,1,1,1,0,2,0,0,2,0,1,2
"O-008",1,0,0,0,1,2,1,0,1,1,0,0,1,0,0,0,1,1,1,0,1,1,0,1,1,2,0,2,0,0,1,2,0,0,0,0,1,1,1,1,0,2,1,1,0,0,0,1,0,1,1,1,1,2,0,1,2,0,1,0,0,0,0,0,1,1,2,1,0,0,0,2,1,2,2,1,1,1,2,0,0,0,1,2,2,0,1,0,0,2,1,0,0,1,1,1,0,0,1,0,1,2,0,0,1,1,2,1,1,1,1,1,0,2,1,1,2,1,1,2
"O-009",1,1,0,0,0,1,0,1,0,1,0,0,2,0,0,2,2,0,0,0,0,1,1,1,0,2,0,1,0,0,0,1,1,0,2,1,2,0,0,1,2,1,0,0,0,1,0,1,1,2,0,0,1,2,0,1,1,0,1,1,0,0,1,1,2,1,1,1,0,1,0,2,0,2,0,2,1,2,1,1,0,0,1,1,1,0,2,0,0,2,0,0,0,1,0,0,0,0,1,0,2,1,1,0,1,0,1,0,1,2,1,1,1,2,0,1,2,0,2,2
"O-010",1,0,0,1,0,1,0,0,0,0,2,0,1,0,0,0,2,0,1,0,0,1,1,2,1,1,1,2,1,1,2,1,0,1,2,2,1,1,1,1,1,2,1,0,0,1,0,1,1,1,0,1,1,2,0,1,2,0,0,1,0,0,0,2,0,1,1,1,0,1,1,2,0,2,1,1,1,2,2,0,1,0,1,1,2,0,1,0,0,2,0,1,1,1,2,1,1,0,1,0,1,1,1,0,0,0,2,0,0,0,2,1,1,2,1,2,2,0,1,2
"O-011",1,1,1,0,0,1,0,2,0,1,2,0,1,0,0,-1,2,0,0,0,0,1,0,1,1,0,0,1,1,1,1,1,0,0,2,1,2,0,0,1,1,2,0,1,0,2,1,1,0,1,1,1,1,2,0,0,2,1,2,1,1,1,0,2,1,2,1,1,1,2,1,1,0,1,1,2,1,1,2,1,0,0,0,2,0,0,2,1,0,2,0,0,0,0,1,0,0,0,0,1,2,2,0,0,2,1,1,0,1,1,1,1,1,1,0,1,2,0,0,2
"O-012",0,2,0,2,0,1,0,0,0,0,2,0,2,0,0,1,2,0,0,0,0,1,1,0,1,0,0,2,0,1,0,1,1,0,1,1,2,0,0,0,2,2,0,1,0,1,1,1,1,1,1,2,1,2,2,0,2,0,1,1,1,0,0,2,0,0,0,0,0,2,1,2,1,0,0,2,1,2,2,0,1,2,0,1,1,1,1,0,0,1,0,1,0,1,2,0,0,0,1,0,1,1,0,1,2,0,2,1,1,2,1,0,0,1,0,0,2,1,0,2
"O-013",1,2,1,1,0,2,0,0,1,0,1,1,0,0,0,1,2,0,0,0,0,2,1,2,1,1,-1,1,1,0,2,2,1,0,1,1,1,1,0,1,1,2,0,0,0,0,0,1,0,2,0,0,1,2,0,2,2,1,1,1,1,0,1,2,1,2,1,1,0,2,1,2,1,2,2,2,1,1,0,0,0,1,0,1,1,0,2,1,0,2,0,1,0,1,1,0,0,0,2,0,0,1,1,0,2,1,0,1,1,2,0,0,1,2,0,1,1,0,1,2
"O-015",1,1,0,1,0,1,0,0,0,0,2,1,0,2,0,1,1,1,0,0,0,0,1,1,0,1,1,1,0,1,1,1,0,1,1,1,0,0,0,2,1,0,1,0,1,1,1,1,0,0,1,0,1,2,1,0,2,1,2,0,2,0,0,1,2,2,1,1,0,1,1,1,1,2,1,1,1,1,1,0,1,0,0,1,1,0,1,0,0,2,0,0,0,1,0,0,1,1,0,1,1,1,0,0,2,1,1,0,0,1,0,0,1,2,1,0,1,1,1,2
"O-016",0,0,0,0,2,2,1,0,1,2,0,0,2,1,0,0,1,1,2,1,1,1,0,1,2,2,0,2,1,0,1,2,0,0,0,0,0,1,-1,1,0,1,1,0,0,1,1,0,1,0,0,2,1,2,1,0,2,0,2,0,0,0,0,1,1,2,2,1,0,1,1,2,0,1,2,2,0,1,2,0,1,0,1,1,1,0,1,0,0,1,0,0,0,1,1,0,1,0,2,1,2,2,1,0,2,0,1,0,1,2,1,0,0,2,1,0,2,0,2,1
"O-017",1,1,0,1,0,1,1,0,0,1,2,0,2,0,0,0,2,0,0,0,0,1,1,0,1,0,0,2,0,0,0,2,1,1,1,1,1,0,0,1,1,2,1,0,0,1,0,0,0,1,1,2,1,2,0,0,1,0,1,1,0,0,0,2,0,2,0,0,0,2,1,2,0,0,1,0,1,2,2,0,1,0,1,2,1,0,1,1,0,2,0,0,0,1,1,0,0,0,0,0,1,1,0,0,1,0,2,1,1,1,2,2,0,2,0,0,2,0,1,1
"O-018",1,1,1,1,0,1,1,1,1,1,2,0,0,0,1,0,2,1,0,0,2,0,1,2,0,2,0,1,1,2,1,2,0,0,2,0,0,0,2,1,1,1,0,0,0,1,2,1,0,0,1,0,1,2,0,0,1,1,2,0,0,0,0,2,2,1,1,1,0,1,1,1,1,2,1,1,1,0,1,0,1,1,0,2,1,0,1,1,0,1,0,1,0,1,0,0,1,1,0,1,2,0,1,1,2,1,1,1,1,1,1,0,1,2,0,0,2,1,2,2
"O-019",1,2,1,1,0,1,0,1,0,1,1,0,2,1,0,2,2,0,0,0,0,1,1,1,0,1,0,2,0,1,0,2,1,0,2,1,2,1,0,0,2,2,0,0,1,0,0,1,0,2,0,1,1,2,0,0,2,0,2,0,1,1,1,2,2,2,1,1,0,2,1,0,1,2,2,2,1,1,1,1,1,1,1,0,1,0,0,1,0,2,1,0,1,1,1,0,0,0,1,0,1,1,1,0,2,1,2,0,1,2,0,0,1,2,1,0,2,0,2,2
"O-020",1,0,0,1,0,1,0,0,1,0,2,1,0,0,0,2,1,1,0,0,0,2,1,1,1,2,1,2,0,0,2,1,1,0,1,1,1,1,0,1,1,2,0,0,1,0,0,1,0,2,0,1,1,1,0,1,1,0,1,0,1,0,0,2,1,1,1,1,1,2,1,0,0,2,1,1,1,0,0,0,1,2,2,0,1,0,1,0,0,2,1,1,1,1,1,0,0,0,2,0,0,1,1,0,2,1,1,0,1,1,0,0,1,2,0,0,1,0,1,2
"O-022",1,1,1,1,0,1,0,1,0,1,0,0,0,1,0,0,2,0,0,0,0,1,1,2,0,1,0,2,1,2,0,1,0,1,1,1,1,0,1,0,1,2,0,0,0,0,0,1,0,1,1,2,1,2,0,1,2,0,1,1,0,0,0,1,1,1,1,0,0,1,1,1,0,2,1,0,0,2,2,0,1,1,0,0,2,1,1,1,0,2,0,0,1,1,0,0,1,0,2,1,1,2,1,0,2,0,2,0,1,1,0,0,0,1,0,0,2,1,0,2
"O-023",1,0,0,1,0,1,0,1,0,0,1,0,0,1,0,0,2,0,1,0,0,1,0,1,1,2,1,2,1,0,0,2,1,0,1,0,1,0,0,0,1,2,0,1,1,0,1,1,1,1,2,1,1,2,0,1,2,0,1,0,0,0,0,2,1,0,2,0,0,1,1,1,0,2,2,2,1,1,2,0,0,0,1,0,2,0,1,1,1,2,0,0,1,1,0,1,1,0,1,0,1,1,0,0,2,0,1,0,0,2,1,0,1,2,0,0,2,0,0,2
"O-024",1,0,0,1,0,1,0,1,0,0,1,0,1,0,0,1,2,0,0,0,1,1,2,1,1,1,0,2,1,0,0,2,1,1,1,0,1,0,0,1,1,1,0,0,0,0,0,1,0,1,1,1,1,2,0,1,1,0,1,1,1,0,0,1,2,0,1,1,0,2,1,1,1,2,0,2,0,1,1,0,0,1,0,2,2,1,0,0,0,2,1,0,0,1,0,1,0,0,0,1,2,2,0,0,1,0,2,0,1,0,2,2,1,2,0,1,2,0,1,1
"O-025",0,0,1,0,0,1,1,1,1,0,2,0,0,1,1,1,2,2,0,1,1,1,2,0,1,2,1,1,0,0,0,1,0,1,2,0,0,0,1,1,1,2,0,0,0,1,0,1,0,0,1,0,1,1,1,0,2,1,1,1,1,0,0,1,2,1,0,1,0,2,0,1,1,2,1,2,1,1,1,0,1,0,0,2,1,0,2,0,1,2,1,0,0,0,0,0,1,1,0,0,2,1,1,0,1,0,2,1,1,0,1,1,0,2,1,1,2,1,1,2
"O-026",1,0,0,0,0,0,0,1,0,0,1,0,1,1,0,0,2,1,1,0,0,1,1,0,2,1,1,2,1,0,0,2,1,1,1,0,1,0,0,0,1,2,0,1,1,1,1,1,0,1,2,1,1,2,0,1,2,0,0,0,0,0,0,1,0,1,2,1,0,1,1,1,0,1,2,1,0,1,2,1,1,0,1,0,2,0,1,1,1,2,0,0,0,1,1,0,0,0,1,0,1,1,1,0,2,0,2,1,1,2,1,1,0,2,0,0,2,0,1,2
"O-027",1,1,0,1,0,1,0,1,1,1,0,0,0,1,0,0,2,0,0,0,0,1,1,1,0,2,0,2,0,0,0,2,0,0,0,0,2,0,0,1,0,2,0,1,0,1,0,1,0,2,1,2,1,1,0,1,2,0,1,0,0,1,0,1,2,1,2,1,0,1,0,2,0,2,1,1,1,1,2,1,0,0,0,1,1,0,1,1,0,2,0,1,1,1,0,1,1,0,1,0,1,1,0,0,2,0,1,0,0,1,2,2,1,2,1,0,2,0,1,2
"O-028",1,1,0,0,0,1,0,2,0,0,0,0,0,0,0,0,2,0,1,0,0,1,0,0,2,2,1,2,1,0,0,2,0,2,1,1,0,0,0,1,1,1,0,0,0,0,0,1,0,2,2,1,1,2,0,2,2,0,0,1,1,0,0,2,2,2,0,1,0,2,1,2,1,2,0,0,0,1,0,0,0,0,0,0,2,0,1,0,1,2,0,0,0,1,0,0,1,0,2,0,0,0,1,0,2,0,2,0,1,2,0,1,1,2,1,0,2,0,1,2
"O-030",1,2,1,1,1,1,1,0,1,1,2,1,1,1,0,0,1,0,1,0,1,1,1,1,0,2,0,2,1,1,1,2,0,0,1,1,0,0,1,0,0,0,1,1,0,1,0,1,1,1,0,1,1,1,0,1,2,0,2,0,0,0,1,2,0,1,2,1,0,1,1,2,1,1,2,2,0,1,2,0,1,0,0,2,2,0,1,0,0,2,1,0,0,0,2,0,0,0,0,0,1,2,0,0,1,1,2,1,1,1,1,1,0,2,1,1,2,0,2,2
"O-031",0,1,0,0,0,1,0,0,0,0,2,1,0,1,0,0,1,0,1,0,0,1,1,2,0,1,1,2,0,1,0,2,0,1,2,1,2,0,2,0,1,2,1,1,1,0,0,1,0,0,1,2,1,2,0,0,1,0,1,0,2,0,0,2,2,1,1,2,0,2,1,2,1,2,1,2,1,1,2,0,0,0,1,0,2,1,0,0,0,2,0,0,0,1,0,0,0,0,0,1,1,2,0,0,2,0,0,1,1,2,0,0,1,2,1,0,1,0,2,2
"O-032",1,1,0,0,0,1,0,2,1,0,1,0,0,0,0,0,2,0,2,0,0,1,2,0,2,1,1,2,0,0,0,1,1,2,2,1,1,0,1,1,1,0,1,0,0,0,0,1,1,2,1,1,1,2,0,1,2,0,1,0,1,0,0,1,2,1,2,1,0,1,1,0,0,2,2,1,0,1,2,1,0,0,0,0,2,0,1,2,0,2,0,0,0,1,0,1,0,0,1,0,0,1,1,0,2,0,2,0,1,0,0,0,1,2,1,0,1,0,1,1
"O-033",1,1,0,0,0,1,0,1,0,1,1,0,1,0,0,1,2,0,0,0,0,1,1,0,0,2,0,2,0,0,0,2,0,0,1,0,2,0,0,1,2,1,0,0,0,1,0,1,1,1,1,2,1,2,0,1,2,0,1,1,1,0,1,1,1,1,1,1,0,2,1,2,0,1,1,1,1,1,1,1,1,0,1,1,2,0,2,1,1,2,0,0,0,1,1,0,0,0,1,0,2,1,1,0,2,0,2,1,1,2,1,1,0,2,1,0,2,0,1,2
"O-034",1,2,1,1,0,1,1,2,0,1,2,1,0,1,0,0,2,0,0,0,1,1,1,1,0,0,0,1,0,1,0,1,0,0,0,0,2,0,1,1,1,1,1,1,0,0,0,1,0,1,1,2,1,2,0,0,2,0,1,1,1,0,0,1,0,0,1,1,0,1,1,2,1,0,1,1,1,2,1,1,0,1,0,0,1,0,1,1,0,2,0,0,1,1,2,0,0,0,0,0,1,1,1,0,1,1,2,0,1,1,0,0,0,2,0,1,2,0,1,1
"O-035",1,1,0,0,0,0,1,0,0,0,2,0,1,1,1,0,2,0,0,0,1,1,2,0,1,1,0,2,1,0,0,2,1,0,1,0,2,0,1,1,1,0,0,0,1,1,0,1,1,2,2,2,1,2,0,1,2,0,2,0,2,1,0,1,1,2,1,1,1,1,1,1,1,1,0,2,1,2,0,1,1,0,0,1,2,0,1,1,0,2,0,1,1,1,1,0,2,1,1,0,0,0,0,0,2,1,1,1,1,0,1,0,1,2,0,0,2,1,1,2
"O-036",1,0,0,0,0,1,1,0,1,0,2,0,0,0,0,0,2,0,1,0,1,1,2,0,0,1,1,1,1,1,0,2,0,2,2,1,2,0,2,1,0,2,0,0,0,0,0,1,1,1,1,2,1,2,1,1,2,0,1,0,0,0,0,1,2,1,2,1,1,0,1,2,0,2,2,1,1,1,1,0,0,0,0,1,0,0,1,1,0,2,0,0,1,1,0,0,1,0,0,0,1,2,1,0,2,1,0,0,0,1,0,0,1,2,1,0,2,1,0,2
"O-037",1,0,1,1,0,1,2,0,2,1,1,0,0,0,1,0,-1,1,0,0,1,1,2,2,0,2,0,0,1,2,1,2,0,1,1,0,1,0,1,1,1,2,0,0,1,0,1,1,0,0,1,2,1,2,1,0,2,1,2,1,1,0,0,2,1,1,2,0,0,0,1,2,0,1,2,2,0,1,0,0,1,1,1,1,1,1,2,0,0,1,0,1,0,1,0,2,0,0,1,0,1,1,1,1,2,0,0,0,1,0,0,0,1,2,0,0,2,0,0,1
"O-038",1,2,1,0,1,2,1,2,0,2,2,0,1,2,0,0,1,0,1,1,1,1,0,2,1,1,0,1,0,1,0,2,0,0,0,0,1,0,1,1,1,1,1,0,1,1,0,1,1,0,0,1,1,2,0,1,2,0,2,1,1,1,0,2,2,2,1,1,0,2,1,2,1,2,0,1,1,0,0,1,0,0,1,0,1,1,0,1,0,2,0,1,1,1,0,0,1,0,1,1,0,1,1,0,2,1,1,0,0,2,0,0,1,2,0,0,2,1,1,2
"O-039",0,0,1,1,0,1,0,2,0,0,2,0,0,0,0,2,2,1,0,0,0,1,2,1,1,2,1,1,0,1,1,2,0,0,2,0,1,1,1,1,2,1,0,0,0,1,1,1,0,1,1,0,1,2,0,0,2,0,1,1,0,1,0,1,2,2,1,1,0,1,1,2,1,2,0,1,1,1,1,1,1,1,0,1,1,1,2,0,0,2,0,0,0,0,0,0,1,1,1,0,1,1,1,0,2,1,1,1,0,1,0,0,1,2,0,0,2,1,2,2
"O-040",1,2,0,0,0,1,0,1,0,1,1,0,0,0,0,0,2,0,1,1,0,1,1,0,0,1,1,2,0,1,0,2,1,0,1,1,2,0,1,1,1,2,1,1,0,1,0,0,1,0,1,2,1,2,1,1,2,0,1,0,1,0,0,2,0,0,1,0,0,2,1,2,1,0,1,1,2,2,2,0,1,1,1,1,2,0,1,1,0,1,1,1,1,0,2,0,1,0,1,1,2,1,1,0,1,1,2,1,0,0,1,0,1,2,0,1,2,0,1,2
"O-041",0,1,1,1,0,1,1,0,1,0,2,0,0,0,1,1,2,0,0,0,1,1,2,2,1,2,1,2,1,1,2,2,0,0,2,0,0,1,1,1,2,1,0,0,0,0,1,1,0,0,1,1,1,2,2,0,1,1,2,0,2,0,0,1,1,1,0,1,0,1,0,1,1,2,1,1,1,1,1,0,1,1,0,2,2,0,1,1,0,1,1,1,0,0,0,0,1,1,0,1,2,0,1,1,2,2,2,0,0,1,1,0,2,1,0,0,2,1,1,2
"P-001",0,0,0,0,0,1,0,1,0,0,1,0,0,0,0,0,2,0,0,0,0,1,0,0,0,2,1,2,0,0,0,2,1,1,0,1,2,1,1,1,0,1,1,0,0,0,0,1,0,1,0,2,1,1,0,1,2,0,2,1,0,0,0,1,2,0,1,1,0,2,1,2,0,2,1,1,0,1,2,0,0,0,1,1,2,0,2,0,0,2,0,0,1,1,0,0,1,0,1,0,2,2,1,0,0,0,2,0,1,0,1,1,0,2,0,1,2,0,2,2
"P-002",1,0,0,1,0,2,0,1,0,0,1,0,0,0,0,1,2,1,0,0,1,1,1,1,0,2,0,1,0,0,0,2,0,1,1,0,1,0,0,1,2,2,0,0,0,1,0,1,0,2,0,1,1,2,0,0,2,0,0,0,0,0,0,2,1,1,1,0,0,2,1,2,1,2,0,2,1,2,1,0,0,1,2,2,0,1,1,0,0,2,1,0,0,1,0,0,2,0,0,1,1,2,1,0,1,2,0,1,1,0,2,2,1,2,0,1,2,0,1,1
"P-003",1,1,0,1,0,1,0,0,0,0,2,0,2,0,0,0,2,1,0,0,0,1,1,0,1,0,0,1,1,1,0,2,0,1,1,1,2,0,0,1,1,2,0,0,0,1,0,1,1,1,0,0,1,2,0,1,2,0,0,1,0,1,0,2,2,2,1,0,0,1,0,1,0,2,1,2,1,2,1,1,0,0,1,0,1,1,1,0,0,2,1,0,1,0,1,1,1,0,2,1,1,2,1,0,2,1,0,0,1,2,0,0,2,2,0,0,2,1,1,2
"P-004",1,1,0,1,0,1,0,1,0,1,1,0,2,0,0,2,2,0,0,0,1,1,1,1,2,1,0,1,1,0,0,2,1,0,2,1,2,0,0,1,2,2,0,0,0,0,0,1,0,0,1,1,1,2,0,0,2,0,1,0,1,0,1,2,0,1,0,1,0,2,1,1,1,2,1,1,1,2,2,1,0,0,0,1,2,0,1,1,0,2,0,0,0,1,0,0,0,0,0,1,1,1,1,0,2,1,1,0,1,2,1,1,1,2,1,0,2,0,1,2
"P-005",0,1,0,0,0,2,0,1,1,0,1,0,0,0,1,1,2,0,1,0,1,2,1,0,0,0,1,2,1,0,0,1,1,1,2,1,1,0,1,1,1,1,1,1,1,0,0,1,1,1,2,0,1,2,1,1,2,0,0,0,1,0,0,1,1,1,1,1,0,2,0,1,1,2,2,0,0,1,2,1,1,0,0,0,2,0,1,1,1,2,0,0,0,1,0,0,0,0,2,1,0,1,0,0,2,0,2,0,1,1,0,0,1,2,1,0,1,0,0,1
"P-006",0,0,1,1,0,1,0,1,1,1,1,0,0,1,0,0,2,1,0,0,0,2,0,1,1,1,0,2,1,1,0,1,1,0,0,0,2,0,0,1,0,2,0,1,0,1,1,1,0,2,2,2,1,2,0,1,2,1,1,0,1,1,0,1,0,1,2,1,1,1,1,1,0,0,2,1,0,1,2,2,0,0,0,1,1,0,1,2,0,2,0,1,1,1,2,0,1,0,2,0,1,1,1,0,2,0,2,1,0,1,1,0,0,1,0,1,2,0,1,2
"P-007",1,0,1,2,0,1,0,1,1,1,1,0,0,1,0,0,2,1,0,0,0,2,0,1,1,1,0,2,1,1,0,1,1,0,0,0,2,0,0,1,1,2,0,1,0,0,0,1,0,1,2,2,1,2,0,1,2,0,1,0,0,0,0,1,1,0,2,1,1,1,1,1,0,1,2,2,0,1,1,0,0,1,0,0,1,0,0,2,0,2,0,1,2,1,1,1,0,0,1,0,0,1,0,0,1,0,1,0,1,1,1,1,1,1,0,1,2,0,0,2
"P-008",1,0,0,1,0,1,0,1,0,1,2,0,0,0,0,0,2,1,0,0,0,1,0,1,0,1,0,1,0,0,0,2,0,1,0,0,2,0,0,1,1,2,0,0,0,1,0,1,0,1,1,1,1,2,0,0,2,0,0,2,1,0,0,1,1,0,1,1,-1,2,1,1,0,2,0,2,1,1,2,0,0,0,1,1,0,1,2,0,0,2,1,0,1,1,0,0,1,0,0,1,2,2,0,0,1,2,0,1,1,0,2,2,1,2,0,1,2,0,1,2
"P-009",1,1,1,1,0,1,0,1,0,0,2,1,0,1,0,1,1,1,0,0,0,0,1,1,0,2,1,1,0,1,1,1,0,1,1,1,0,0,1,2,1,2,1,0,0,1,0,1,0,0,1,0,2,1,1,1,2,1,1,1,1,0,0,1,2,2,0,1,0,2,1,1,1,2,1,2,1,1,2,0,0,1,0,1,1,0,1,0,0,2,0,0,1,1,0,0,1,1,0,0,0,1,0,0,1,1,1,0,0,0,0,0,1,2,1,1,0,1,1,1
"P-010",0,1,0,1,0,1,0,0,0,0,1,0,0,0,0,1,2,0,0,0,0,1,1,1,0,2,1,2,1,0,0,2,0,0,1,0,1,1,0,1,1,2,0,0,1,0,0,1,1,0,0,2,1,2,1,1,1,0,1,0,1,0,0,2,1,1,2,0,0,1,1,1,1,2,1,1,1,2,2,0,0,1,1,0,2,1,2,1,0,2,0,0,1,1,0,0,1,0,2,0,1,2,1,0,2,1,2,0,0,1,0,0,1,2,0,0,2,1,0,2
"P-011",0,0,1,0,0,1,0,0,1,0,2,1,0,0,0,1,2,1,0,0,0,1,2,1,0,2,1,2,0,0,0,2,0,0,2,1,0,1,0,1,1,2,0,0,1,0,1,1,0,1,0,2,1,2,1,0,2,0,1,1,0,1,1,2,2,2,1,1,0,1,1,0,0,2,1,2,1,1,2,1,0,0,0,1,2,0,1,0,0,1,0,0,0,0,0,0,1,0,0,1,2,1,0,0,2,0,1,2,1,1,0,1,2,2,0,0,2,0,1,1
"P-012",1,1,0,1,0,1,0,0,1,0,2,0,0,0,0,0,2,0,0,0,0,2,2,1,1,2,1,1,0,0,1,2,0,0,2,1,0,1,0,1,1,2,0,1,0,1,0,0,0,1,0,0,0,2,1,0,2,0,1,1,2,1,1,2,1,2,1,0,0,1,1,1,1,2,0,1,1,2,1,1,0,1,0,0,1,2,1,0,1,2,0,0,0,1,1,0,0,0,1,1,0,2,0,0,2,0,1,2,1,2,0,0,0,2,1,0,2,1,1,2
"P-013",0,0,1,0,1,1,0,1,0,0,2,0,1,2,0,2,2,2,1,0,0,1,2,1,1,2,1,1,1,1,0,1,1,0,2,0,0,0,1,1,1,2,0,1,0,2,0,1,1,0,1,1,1,2,0,1,2,0,0,1,1,0,0,2,1,0,0,1,0,2,1,2,1,1,0,1,1,1,1,0,1,0,0,1,1,0,1,1,0,2,0,1,1,1,1,0,1,0,1,0,1,1,1,0,0,0,1,1,0,0,2,1,0,1,0,1,2,0,0,2
"P-014",1,2,0,1,0,1,0,2,0,1,1,1,0,0,0,1,2,0,0,0,1,1,1,2,0,2,0,1,0,0,0,1,1,1,1,1,1,0,2,1,2,1,0,0,0,1,0,1,1,1,0,0,1,2,0,1,1,0,1,1,0,0,0,1,2,1,0,1,0,2,1,1,0,2,0,2,1,2,1,0,0,0,0,1,1,0,2,2,0,2,0,0,0,1,0,0,0,0,1,1,2,1,1,0,2,1,1,0,1,1,1,1,1,2,1,0,2,0,1,2
"P-015",1,1,0,1,0,1,0,1,1,0,2,2,0,1,0,0,1,0,0,1,0,0,1,0,2,1,0,2,0,0,0,0,0,0,0,1,1,0,0,1,2,1,1,0,2,0,0,1,0,0,2,0,1,2,0,1,2,0,1,0,1,0,0,1,0,1,1,1,0,0,1,2,1,2,0,2,1,2,1,1,1,0,0,1,1,0,1,0,0,1,0,1,0,0,0,0,0,0,0,0,1,0,0,2,2,0,2,0,1,0,1,0,1,2,2,0,2,1,0,2
"P-016",0,0,0,0,0,2,0,1,2,0,2,1,1,1,0,2,2,1,0,1,0,0,1,0,0,0,0,1,0,0,0,1,0,2,1,2,2,0,1,1,2,1,1,1,0,1,0,1,0,0,2,0,1,2,0,0,0,0,1,1,0,0,0,1,1,1,1,1,0,1,1,1,1,2,0,1,1,1,1,0,0,0,0,1,1,1,1,0,1,1,1,1,0,1,0,0,0,0,0,1,0,1,1,1,2,1,2,1,0,1,0,0,1,2,0,0,1,1,0,2
"P-017",0,0,1,0,0,1,1,0,1,0,2,0,0,0,1,1,2,2,0,0,1,0,2,2,1,2,1,1,1,1,1,1,0,0,2,0,0,1,1,1,2,2,0,0,1,2,2,0,1,1,1,1,1,2,1,0,2,1,2,1,1,1,0,1,1,2,0,1,1,1,1,2,0,2,1,1,1,1,1,1,1,1,0,1,1,0,1,1,0,1,1,1,0,1,0,0,1,1,0,1,2,0,0,1,1,0,1,1,1,0,1,0,0,2,0,1,2,1,2,2
"P-018",1,2,0,1,0,1,0,0,0,0,2,0,0,0,0,2,2,0,0,0,0,1,1,1,0,2,1,1,1,0,1,1,0,0,2,1,0,1,0,1,1,2,0,0,0,1,0,0,0,1,0,0,1,2,0,0,2,0,1,1,2,1,0,2,2,1,1,0,0,1,1,1,0,2,0,1,1,2,1,2,0,0,0,1,0,1,1,0,0,2,0,0,0,1,1,0,0,0,0,0,1,2,0,0,2,1,0,0,1,2,1,1,1,1,0,0,2,1,1,2
"P-019",0,1,1,0,1,1,0,1,0,0,2,0,1,0,1,2,2,1,1,0,1,1,1,1,0,1,1,2,0,0,0,1,0,1,2,0,0,0,1,1,1,1,0,0,0,0,0,1,0,0,1,2,1,2,0,1,2,0,2,1,2,0,0,2,2,1,0,1,0,2,1,0,1,2,1,1,1,1,2,1,1,0,0,0,2,0,1,1,0,2,0,0,1,1,0,0,1,0,1,0,1,1,1,0,2,0,1,0,1,1,0,0,1,2,1,0,2,0,1,2
"P-020",1,1,0,0,0,0,1,0,0,0,2,0,1,1,1,0,2,1,0,0,1,1,2,0,1,1,0,1,1,0,0,1,0,0,1,0,2,0,1,1,0,1,0,0,0,1,1,1,1,1,1,0,1,2,1,1,2,0,1,0,0,0,0,1,2,1,2,0,1,1,0,2,0,2,2,2,2,1,2,0,1,0,0,0,1,0,1,1,0,2,0,0,1,1,0,1,2,1,0,1,1,1,1,0,2,1,1,0,1,1,0,0,1,2,1,0,1,1,0,2
"P-021",1,2,2,0,0,1,0,1,0,1,0,0,0,1,1,0,2,0,0,0,0,1,1,0,0,1,0,2,0,2,0,1,1,0,0,0,1,0,0,1,1,2,0,1,1,0,0,1,0,1,2,1,1,2,0,0,2,1,2,1,1,1,0,1,1,2,0,1,1,2,1,2,0,1,0,2,1,2,1,1,0,0,0,2,0,0,2,1,1,2,1,0,0,0,1,0,1,0,1,1,1,2,0,0,2,0,2,1,0,1,1,1,0,2,0,1,1,0,2,2
"P-022",1,1,1,0,0,2,0,1,1,0,1,0,0,0,1,1,2,0,1,0,1,1,1,2,0,0,1,2,1,1,0,2,1,2,2,1,1,0,1,0,1,2,1,0,1,0,1,2,1,1,1,2,0,2,0,1,0,0,1,1,0,0,0,1,1,1,2,1,0,1,0,2,1,1,2,0,0,1,2,1,0,0,0,2,2,2,0,0,0,2,0,0,0,1,0,0,0,0,2,1,0,2,1,0,2,0,2,0,0,1,0,1,0,2,1,0,2,0,1,2
"P-023",1,1,0,2,1,0,0,1,0,1,2,0,1,1,0,1,2,0,1,0,1,1,1,0,1,2,0,1,1,0,0,2,1,0,2,0,0,0,2,1,1,2,0,0,1,1,0,1,0,2,1,1,1,2,0,1,1,0,2,1,0,1,0,1,2,1,1,1,1,1,0,0,0,2,1,2,1,2,2,1,0,0,0,1,1,0,2,1,0,2,0,0,1,1,0,1,1,0,1,1,2,2,1,0,2,1,0,0,1,2,1,1,2,2,0,0,2,0,0,2
"P-024",1,0,0,1,0,2,0,0,2,0,1,2,0,0,0,0,2,1,0,1,0,1,2,0,1,1,0,1,1,0,0,0,0,1,0,2,2,0,1,0,1,2,1,0,1,0,0,1,1,0,1,1,1,2,1,0,2,1,0,0,2,0,0,1,0,1,1,1,0,2,0,2,1,1,1,2,1,1,1,1,0,0,0,1,0,0,1,1,0,1,0,1,0,1,0,0,0,0,0,1,0,1,0,1,2,0,1,0,0,2,0,0,0,2,0,0,1,2,0,2
"P-025",1,1,0,1,0,1,1,0,0,0,2,1,0,0,0,1,2,1,0,0,0,0,2,1,0,1,1,1,0,1,0,1,0,0,1,0,1,0,1,1,1,2,1,1,2,0,0,2,0,0,2,2,1,2,0,0,2,0,2,0,1,0,0,1,0,0,2,1,0,2,1,2,1,0,2,2,1,1,1,0,0,0,0,1,1,1,0,2,0,2,0,0,2,1,2,0,0,0,1,1,1,2,1,0,2,1,2,0,1,0,0,1,0,1,0,1,2,0,0,1
"P-026",1,1,1,0,0,1,0,1,2,0,2,1,1,1,0,1,2,1,0,0,0,1,1,0,0,1,0,2,0,1,0,1,0,1,2,2,1,0,0,1,0,1,0,1,0,0,2,1,0,0,2,1,1,2,1,0,1,0,2,0,1,0,1,2,2,2,1,1,0,1,1,2,0,2,1,1,1,1,2,0,0,0,0,0,0,1,1,1,0,2,0,0,0,1,1,0,1,1,1,1,1,1,0,0,1,0,0,0,1,1,0,0,0,2,1,1,1,1,0,2
"P-027",1,1,1,1,0,2,0,1,1,1,1,1,0,1,0,1,2,1,0,1,0,1,1,1,0,0,0,1,0,0,1,1,0,1,0,1,1,0,2,1,1,1,0,0,1,0,1,1,0,0,2,0,1,1,1,1,1,0,2,0,2,0,0,0,1,2,0,1,0,1,1,1,0,2,1,2,1,1,0,0,0,0,0,2,2,0,1,1,0,2,0,0,0,1,0,0,1,1,1,1,1,0,1,0,2,1,1,0,1,1,1,0,1,2,0,1,1,0,0,2
"P-028",1,0,0,1,0,1,0,0,1,0,2,0,1,0,0,2,2,1,0,0,0,1,1,1,2,1,1,0,0,0,2,2,1,0,2,1,1,1,0,1,1,2,0,0,0,1,1,1,0,1,0,0,1,1,0,1,2,1,1,1,1,0,0,2,2,2,1,1,0,2,1,1,0,2,1,2,1,1,1,0,0,2,1,1,0,0,1,1,0,1,0,2,0,1,1,0,0,0,0,0,1,0,1,1,1,0,0,1,1,1,2,0,1,2,1,1,1,0,1,2
"P-029",0,1,1,1,0,1,0,2,0,1,2,0,0,1,0,1,2,1,0,0,0,1,1,2,1,1,1,2,0,1,0,0,0,0,1,0,1,1,0,1,2,2,0,1,1,0,0,1,0,1,2,1,1,2,0,0,2,0,1,1,0,2,0,2,1,2,0,1,0,2,1,1,0,1,0,2,1,2,1,2,0,1,0,0,0,0,1,0,0,2,0,0,1,1,2,0,0,0,0,0,1,2,1,0,0,0,1,0,1,1,1,1,0,1,0,2,2,0,1,2
"P-030",1,2,0,0,0,1,0,1,2,0,2,1,1,0,0,1,2,0,0,0,0,1,1,2,2,1,0,1,0,0,2,1,0,1,2,2,1,1,0,1,0,2,0,1,0,1,2,1,0,1,1,0,1,2,1,0,1,0,1,0,1,1,1,2,1,2,1,1,0,1,1,2,1,2,1,2,1,1,2,1,0,0,2,0,1,1,0,0,0,1,1,0,0,1,1,0,1,0,0,1,1,2,0,0,2,1,1,0,1,2,1,0,1,2,1,0,1,1,2,1
"P-031",1,1,0,1,0,2,0,1,0,0,2,1,0,0,0,1,2,0,1,0,1,2,2,0,1,1,1,2,1,1,0,2,0,2,1,2,2,0,2,0,1,1,1,1,0,0,0,1,0,2,1,1,1,2,0,2,2,0,0,0,1,0,0,0,1,2,2,1,0,1,1,2,0,2,2,0,1,1,2,0,0,0,1,0,2,0,2,1,0,2,0,0,1,1,0,0,1,0,1,0,1,1,1,0,2,0,1,0,1,1,1,0,0,2,1,0,1,0,2,1
"P-032",0,0,0,0,0,1,0,1,1,0,0,0,0,0,0,0,2,0,0,0,0,1,0,0,0,2,1,2,0,0,0,2,2,1,0,1,2,1,1,0,0,0,1,0,0,1,0,2,1,1,0,2,1,2,0,1,2,0,2,1,0,0,0,2,1,0,1,1,0,1,1,2,0,1,2,2,0,1,2,0,1,0,1,1,2,0,1,0,0,2,0,0,1,1,1,0,2,0,2,1,1,2,1,0,2,0,2,1,1,1,0,0,0,2,0,0,2,0,1,2
"P-033",1,2,1,1,1,2,1,1,0,1,2,0,1,1,0,0,0,0,1,0,1,1,1,1,1,1,0,2,0,0,1,2,1,0,0,0,0,0,1,1,0,1,1,0,0,1,0,1,1,2,0,1,1,2,0,1,1,0,2,1,1,0,0,1,0,1,0,1,0,2,0,2,0,0,1,2,1,1,1,1,1,0,0,0,2,0,1,2,0,2,0,1,0,1,2,0,0,0,1,1,1,2,0,0,2,0,2,0,1,2,1,0,1,2,1,0,2,0,0,2
"P-034",0,1,2,0,0,1,0,2,0,0,1,0,0,0,1,1,2,0,1,0,0,1,1,0,0,1,0,1,0,0,0,2,1,2,2,0,1,1,0,1,1,0,0,1,0,0,0,0,0,0,2,1,0,2,0,1,2,1,1,0,1,1,0,1,0,2,1,1,0,2,1,2,0,1,2,2,1,1,1,1,0,0,2,0,2,0,2,0,1,2,0,0,1,1,0,0,1,0,0,0,1,0,1,0,2,0,2,0,1,1,0,0,0,2,1,0,1,0,1,1
"P-035",0,1,0,0,1,1,1,0,0,1,2,0,1,1,1,0,1,1,1,1,1,0,1,1,2,2,0,0,0,0,1,2,0,0,0,0,0,1,1,0,0,1,1,0,0,1,1,1,1,0,1,1,1,2,1,0,1,0,1,1,2,0,0,2,1,1,2,1,0,1,1,2,0,1,1,1,1,1,0,0,1,0,1,1,0,0,1,1,1,2,1,0,0,1,0,0,1,1,0,1,1,1,0,0,2,0,1,0,1,1,0,0,0,2,0,0,2,1,0,2
"P-036",1,1,1,2,0,1,0,1,1,0,2,1,1,1,0,1,2,1,0,1,0,1,1,1,0,0,0,2,0,1,1,1,0,1,1,2,2,0,1,1,2,2,1,0,1,0,1,1,0,0,2,0,1,2,1,0,1,0,1,0,1,0,0,1,1,2,0,1,0,1,0,1,0,2,1,2,2,2,1,0,0,0,0,2,2,0,2,1,0,2,1,0,0,1,0,0,1,1,1,1,2,1,0,0,2,0,2,0,0,1,1,0,1,2,2,1,2,1,1,2
"P-037",0,1,1,0,0,1,0,0,1,0,2,1,0,0,0,0,2,0,1,0,0,1,2,1,0,1,2,2,1,1,1,2,0,1,2,2,1,0,1,0,1,2,1,1,1,0,0,1,1,1,2,1,1,2,0,1,0,0,1,0,2,1,1,2,1,2,1,1,1,2,1,2,1,2,1,2,1,1,1,1,0,0,1,0,2,0,0,0,0,2,0,1,1,1,1,0,1,0,2,1,0,1,1,0,2,0,2,2,1,2,1,0,0,2,1,0,1,0,1,2
"P-038",0,2,2,1,0,1,0,2,0,0,2,0,0,0,1,0,2,0,1,0,1,0,1,0,0,1,0,1,1,0,0,1,1,2,2,0,1,1,0,0,1,1,0,2,0,0,0,1,0,0,2,1,0,2,0,1,2,0,1,1,1,0,0,1,0,2,2,0,0,2,1,2,0,1,2,1,1,0,1,1,1,0,1,1,2,1,2,1,1,2,0,0,0,0,0,0,0,0,1,1,1,0,0,0,2,0,2,0,1,0,0,1,0,2,1,0,2,0,2,1
"P-039",0,0,0,0,0,1,0,1,2,0,2,1,0,0,0,0,2,1,0,1,0,1,2,0,0,1,0,1,1,0,1,1,0,0,1,2,1,0,1,0,1,0,1,1,0,2,1,1,0,1,1,1,1,2,0,0,0,0,2,0,1,0,1,2,1,1,0,1,0,1,0,2,1,2,0,0,2,1,1,0,1,0,0,1,1,1,1,0,1,2,1,1,1,1,0,0,0,0,0,1,0,2,1,0,2,1,2,1,1,1,0,0,1,2,0,0,1,1,0,2
"P-040",1,1,1,1,0,1,0,2,0,0,1,0,0,0,0,0,2,0,2,0,0,0,1,0,1,2,1,2,0,0,0,2,1,2,2,0,1,1,0,1,1,2,0,1,0,0,0,1,0,0,2,0,0,2,0,1,2,0,1,1,1,1,0,2,1,2,1,1,0,2,1,2,1,2,2,1,1,0,1,1,0,0,2,1,2,1,2,1,1,2,0,0,0,0,0,0,1,0,1,1,1,0,1,0,2,0,2,0,1,0,0,0,0,2,1,0,2,0,1,1
"P-041",0,1,1,1,0,2,1,2,1,1,0,1,0,2,0,0,2,0,0,0,0,1,0,1,0,2,0,2,1,0,0,2,1,0,1,2,2,0,0,0,0,1,0,0,0,0,0,1,0,2,2,2,1,2,0,0,2,0,1,1,1,0,0,0,2,0,2,0,0,0,1,1,1,2,2,0,0,2,2,1,0,0,1,2,1,1,0,2,1,2,0,0,2,1,0,0,1,0,2,1,1,1,0,0,2,0,2,0,1,1,1,1,1,2,1,0,2,0,1,1
"P-042",0,2,2,0,0,1,0,1,1,1,1,1,0,1,0,0,2,0,0,1,0,2,1,1,0,1,0,1,1,2,1,2,1,0,1,1,1,0,0,0,1,2,0,0,2,1,0,1,0,1,1,1,1,2,0,0,2,1,2,1,1,1,1,1,2,2,1,1,0,1,0,2,0,2,1,2,1,1,0,1,0,1,0,1,0,0,1,1,0,2,0,0,1,1,0,0,1,0,2,0,0,2,1,0,2,1,0,0,1,0,1,0,1,2,1,1,1,0,2,2
"P-044",0,1,0,0,0,1,0,1,1,1,1,0,0,0,0,0,2,0,1,0,1,1,1,0,2,1,1,2,1,0,0,2,2,1,2,1,1,0,2,0,1,2,1,0,1,1,1,1,0,1,0,1,1,2,0,1,2,0,1,0,1,1,0,2,1,1,2,1,0,1,1,2,0,1,2,1,1,1,2,1,1,1,2,1,1,0,1,1,0,1,1,1,1,1,2,0,1,0,1,1,2,1,1,1,1,1,1,0,1,2,1,0,2,2,0,1,2,0,2,2
"P-045",0,1,2,0,0,1,0,2,0,1,1,0,0,2,0,0,2,0,0,0,0,1,1,2,0,1,0,2,0,2,0,1,0,0,1,1,1,1,1,0,1,2,0,0,0,0,0,1,1,1,1,2,1,2,0,1,1,0,1,1,0,0,0,1,1,1,1,0,0,1,1,0,0,2,1,1,0,2,2,0,0,0,0,1,2,0,2,2,0,2,0,0,1,1,0,1,1,0,1,1,2,2,0,0,2,0,1,0,0,2,1,1,1,1,0,0,2,0,0,2
"P-046",0,0,1,2,0,1,0,0,1,0,1,0,1,1,0,1,2,1,0,0,0,1,2,1,1,1,1,2,1,1,0,2,1,0,1,0,0,0,0,1,1,2,0,0,1,1,0,1,1,0,0,1,1,2,0,1,2,0,1,0,0,0,0,2,1,0,2,1,0,1,1,1,0,1,2,2,1,1,1,0,1,1,0,0,1,0,0,1,0,2,0,1,2,0,2,1,1,0,2,0,0,1,0,0,2,0,1,1,1,1,1,0,1,1,0,1,2,0,0,2
"P-047",0,1,0,0,0,1,0,1,0,0,1,0,0,0,0,0,2,0,2,0,0,1,1,0,1,1,2,2,1,1,0,2,1,2,2,1,1,0,1,0,1,1,1,1,0,0,0,0,1,2,2,0,1,2,0,1,2,0,1,0,1,0,0,2,1,2,2,1,0,1,1,1,0,2,2,1,0,1,2,1,0,0,1,0,2,0,1,2,2,2,0,0,2,1,0,0,1,0,1,0,1,1,0,0,2,0,2,0,0,0,0,0,1,2,0,0,2,0,0,2
"P-048",0,2,0,0,0,0,0,1,1,1,2,0,2,1,0,1,2,0,0,0,1,1,2,0,0,1,0,2,0,0,0,2,0,1,2,0,1,0,0,0,1,1,0,1,0,0,1,0,0,1,1,1,1,2,1,1,1,0,2,0,1,0,1,2,2,2,2,1,0,1,0,1,0,2,2,2,2,0,1,0,1,0,0,1,2,0,2,1,0,2,0,0,0,1,0,0,1,1,0,0,1,1,1,0,2,0,1,1,1,0,1,0,1,2,1,0,1,0,1,1
"P-049",0,1,0,0,0,1,0,0,0,0,2,0,1,0,0,0,2,0,0,0,0,1,2,0,2,1,0,2,0,0,1,2,1,0,1,1,1,0,0,0,1,2,0,0,0,0,0,0,0,0,2,2,1,2,0,0,2,0,1,2,1,0,1,1,2,0,1,1,0,1,1,1,0,2,0,1,1,2,1,0,0,0,2,1,2,0,1,1,0,2,1,0,0,1,0,1,0,0,2,1,1,2,1,0,2,1,2,0,1,2,0,1,0,2,0,0,2,0,1,2
"P-050",1,1,0,0,0,1,1,0,0,0,2,0,0,1,1,0,2,1,1,0,1,1,2,0,1,1,1,2,1,0,0,2,1,0,2,1,2,0,1,0,0,1,1,0,0,0,1,0,0,2,1,2,1,2,1,1,2,0,1,0,0,0,0,1,2,1,2,1,1,2,1,2,0,2,2,2,1,1,2,0,0,0,0,0,1,0,1,2,0,2,0,0,1,1,0,1,2,1,0,1,1,1,0,0,2,0,0,0,0,2,0,0,1,2,1,0,1,1,0,2
